Category,Product,Description, AX 
5ADJ,5AHB3412BWH,Muntons Wheat DME 5 LB~S, A3412BWH 
5ADJ,5AHBZZ3200A,Flaked Corn 1 Lb, AZZ3200A 
5ADJ,5AHBZZ3200B,Flaked Corn 10 Lb, AZZ3200B 
5ADJ,5AHBZZ3200K,Flaked Corn 8 oz ~S, AZZ3200K 
5ADJ,5AHBZZ3205A,Flaked Oats 1 Lb, AZZ3205A 
5ADJ,5AHBZZ3205B,Flaked Oats 10 Lb, AZZ3205B 
5ADJ,5AHBZZ3205K,Flaked Oats 4 oz ~S, AZZ3205K 
5ADJ,5AHBZZ3212A,Flaked Rye 1 Lb, AZZ3212A 
5ADJ,5AHBZZ3212B,Flaked Rye 10 Lb, AZZ3212B 
5ADJ,5AHBZZ3221A,Flaked Barley 1 Lb, AZZ3221A 
5ADJ,5AHBZZ3221B,Flaked Barley 10 Lb, AZZ3221B 
5ADJ,5AHBZZ3260A,Rice Syrup Solids 1 Lb, AZZ3260A 
5ADJ,5AHBZZ3260K,Rice Syrup Solids For Kits 1lb, AZZ3260K 
5ADJ,5AHBZZ3262A,Rice Hulls Whole 1 Lb, AZZ3262A 
5ADJ,5AHBZZ3306A,Carbonation Tabs 280 count~D, AZZ3306A 
5ADJ,5AHBZZ3306Z,Carbonation Tablets 25 LB, AZZ3306Z 
5ADJ,5AHBZZ3325A,Dark Brown Sugar 1 Lb ~D, AZZ3325A 
5ADJ,5AHBZZ3325C,Dark Brown Sugar 50 Lb~D, AZZ3325C 
5ADJ,5AHBZZ3400A,Muntons Extra Light DME 1 Lb, AZZ3400A 
5ADJ,5AHBZZ3400B,Muntons Extra Light DME 3 Lb, AZZ3400B 
5ADJ,5AHBZZ3400C,Muntons Extra Light DME 55 Lb, AZZ3400C 
5ADJ,5AHBZZ3400K,Muntons Ext Lt DME/ Kits 1 lb, AZZ3400K 
5ADJ,5AHBZZ3402A,Muntons Light Dme 1 Lb, AZZ3402A 
5ADJ,5AHBZZ3402B,Muntons Light DME 3 Lb, AZZ3402B 
5ADJ,5AHBZZ3402C,Muntons Light DME 55 Lb, AZZ3402C 
5ADJ,5AHBZZ3402K,Muntons Light DME/ Kits 1 Lb, AZZ3402K 
5ADJ,5AHBZZ3404A,Muntons Amber Dme 1 Lb, AZZ3404A 
5ADJ,5AHBZZ3404B,Muntons Amber DME 3 Lb, AZZ3404B 
5ADJ,5AHBZZ3404C,Muntons Amber DME 55 Lb, AZZ3404C 
5ADJ,5AHBZZ3404K,Muntons Amber DME/ Kits 1 Lb, AZZ3404K 
5ADJ,5AHBZZ3408A,Muntons Dark Dme 1 Lb, AZZ3408A 
5ADJ,5AHBZZ3408B,Muntons Dark DME 3 Lb, AZZ3408B 
5ADJ,5AHBZZ3408C,Muntons Dark DME 55 Lb, AZZ3408C 
5ADJ,5AHBZZ3408K,Muntons Dark DME/ Kits 1 Lb, AZZ3408K 
5ADJ,5AHBZZ3410A,Muntons Extra Dark Dme 1 Lb, AZZ3410A 
5ADJ,5AHBZZ3410B,Muntons Extra Dark DME 3 Lb, AZZ3410B 
5ADJ,5AHBZZ3410C,Muntons Extra Dark DME 55 Lb, AZZ3410C 
5ADJ,5AHBZZ3412A,Muntons Wheat DME 1 Lb, AZZ3412A 
5ADJ,5AHBZZ3412B,Muntons Wheat DME 3 Lb, AZZ3412B 
5ADJ,5AHBZZ3412C,Muntons Wheat DME 55 Lb, AZZ3412C 
5ADJ,5AHBZZ3412K,Muntons Wheat DME/ Kits 1 Lb, AZZ3412K 
5ADJ,5AHBZZ3440A,Briess Pilsen Light DME 1 Lb, AZZ3440A 
5ADJ,5AHBZZ3440B,Briess Pilsen Light DME 3 Lb, AZZ3440B 
5ADJ,5AHBZZ3441A,Briess Golden Light DME 1 Lb, AZZ3441A 
5ADJ,5AHBZZ3441B,Briess Golden Light DME 3 Lb, AZZ3441B 
5ADJ,5AHBZZ3443A,Briess Spark Amber DME 1 Lb, AZZ3443A 
5ADJ,5AHBZZ3443B,Briess Spark Amber DME 3 Lb, AZZ3443B 
5ADJ,5AHBZZ3444A,Briess Trad Dark DME 1 Lb, AZZ3444A 
5ADJ,5AHBZZ3444B,Briess Trad Dark DME 3 Lb, AZZ3444B 
5ADJ,5AHBZZ3445A,Briess Bavarian Wheat DME 1 Lb, AZZ3445A 
5ADJ,5AHBZZ3445B,Briess Bavarian Wheat DME 3 Lb, AZZ3445B 
5ADJ,5AHBZZ7106A,Light Candy Sugar 1 Lb, AZZ7106A 
5ADJ,5AHBZZ7106K,KIT STOCK Lt Candy Sugar 1 Lb, AZZ7106K 
5ADJ,5AHBZZ7108A,Amber Candy Sugar 1 Lb, AZZ7108A 
5ADJ,5AHBZZ7109A,Belgian Candi Syrup Clear 1.5#, AZZ7109A 
5ADJ,5AHBZZ7110A,Belgian Candi Syrup Amber 1.5#, AZZ7110A 
5ADJ,5AHBZZ7111A,Belgian Candi Syrup Drk2 1.5#, AZZ7111A 
5ADJ,5AHBZZ7112A,Belgian Candi Syrup Dark 1.5#, AZZ7112A 
5ADJ,5AHBZZ8050A,Apricot Flavoring 4 Fl Oz, AZZ8050A 
5ADJ,5AHBZZ8050C,Apricot Flavoring 5 Gallon, AZZ8050C 
5ADJ,5AHBZZ8052A,Blackberry Flavoring 4 Fl Oz, AZZ8052A 
5ADJ,5AHBZZ8052C,Blackberry Flavoring 5 Gallon, AZZ8052C 
5ADJ,5AHBZZ8054A,Blueberry Flavoring 4 Fl Oz, AZZ8054A 
5ADJ,5AHBZZ8054C,Blueberry Flavoring 5 Gallon, AZZ8054C 
5ADJ,5AHBZZ8056A,Cherry Flavoring 4 Fl Oz, AZZ8056A 
5ADJ,5AHBZZ8056C,Cherry Flavoring 5 Gal, AZZ8056C 
5ADJ,5AHBZZ8057C,Special CherryFlavoring 5gal~S, AZZ8057C 
5ADJ,5AHBZZ8059C,Special ChocolateFlavor 5gal~S, AZZ8059C 
5ADJ,5AHBZZ8060A,Pineapple Flavoring 4 fl oz, AZZ8060A 
5ADJ,5AHBZZ8060C,Pineapple Flavoring 5 Gal HAZ, AZZ8060C 
5ADJ,5AHBZZ8061A,Mango Flavoring 4 fl oz, AZZ8061A 
5ADJ,5AHBZZ8061C,Mango Flavoring 5 Gallon HAZ, AZZ8061C 
5ADJ,5AHBZZ8064A,Peach Flavoring 4 Fl Oz, AZZ8064A 
5ADJ,5AHBZZ8064B,Peach Flavoring 1 Gal~D, AZZ8064B 
5ADJ,5AHBZZ8064C,Peach-Apricot Flavoring 5 Gal, AZZ8064C 
5ADJ,5AHBZZ8064E,Peach-Apricot Flavor 55 Gal~S, AZZ8064E 
5ADJ,5AHBZZ8080A,Raspberry Flavoring 4 Fl Oz, AZZ8080A 
5ADJ,5AHBZZ8080C,Raspberry Flavoring 5 Gallon, AZZ8080C 
5ADJ,5AHBZZ8082C,Banana Flavoring 5 Gallon ~S, AZZ8082C 
5ADJ,5AHBZZ8084A,Strawberry Flavoring 4 Fl Oz, AZZ8084A 
5ADJ,5AHBZZ8084C,StrawberryKiwi Flavor 5Gal, AZZ8084C 
5ADJ,5AHBZZ8151K,Coriander Seed 0.5 oz ~S, AZZ8151K 
5ADJ,5AHBZZ8152A,Cocoa Nibs (BSG) 4 OZ, AZZ8152A 
5ADJ,5AHBZZ8152B,Cocoa Nibs (BSG 1 lb., AZZ8152B 
5ADJ,5AHBZZ8152K,Cocoa Nibs 6 oz ~S, AZZ8152K 
5ADJ,5AHBZZ8155B,Elderberries 1 LB, AZZ8155B 
5ADJ,5AHBZZ8155Z,Elderberries Bulk In Pounds, AZZ8155Z 
5ADJ,5AHBZZ8156K,Orange Peel Bitter 1 oz ~S, AZZ8156K 
5ADJ,5AHBZZ8158K,Chamomile 0.5 oz ~S, AZZ8158K 
5ADJ,5AHBZZ9001A,Pumpkin Pie Blend - 1 oz, AZZ9001A 
5ADJ,5AHBZZ9001B,Pumpkin Pie Blend - 1 lb, AZZ9001B 
5ADJ,5AHBZZZ1240,Briess Pilsen Light LME 3.3 Lb, AZZZ1240 
5ADJ,5AHBZZZ1242,Briess Golden Light LME 3.3 Lb, AZZZ1242 
5ADJ,5AHBZZZ1244,Briess Munich LME 3.3 Lb, AZZZ1244 
5ADJ,5AHBZZZ1245,Briess Rye LME 3.3 Lb, AZZZ1245 
5ADJ,5AHBZZZ1246,Briess Spark Amber LME 3.3 Lb, AZZZ1246 
5ADJ,5AHBZZZ1247,Briess Trad Dark LME 3.3 Lb, AZZZ1247 
5ADJ,5AHBZZZ1248,Briess Bavar Wheat LME 3.3 lb, AZZZ1248 
5ADJ,5AHBZZZ1249,Briess Sorghum LME 3.3 Lb, AZZZ1249 
5ADJ,5AHBZZZ1250,Briess Pilsen Light LME 32 Lb, AZZZ1250 
5ADJ,5AHBZZZ1251,Briess Golden Light LME 32 Lb, AZZZ1251 
5ADJ,5AHBZZZ1252,Briess Munich LME 32 Lb, AZZZ1252 
5ADJ,5AHBZZZ1253,Briess Sparkling Amber 32 LB, AZZZ1253 
5ADJ,5AHBZZZ1254,Briess Trad Dark LME 32 Lb, AZZZ1254 
5ADJ,5AHBZZZ1255,Briess Bavar Wheat LME 32 Lb, AZZZ1255 
5ADJ,5AHBZZZ1260,Briess PilsenLight LME 30 LB~D, AZZZ1260 
5ADJ,5AHBZZZ1822,TCHO NibsEcuador 7.8oz ORGANIC, AZZZ1823 
5ADJ,5AHBZZZ2000,Muntons Plain Extra Lt 3.3 Lb, AZZZ2000 
5ADJ,5AHBZZZ2002,Muntons Plain Light 3.3 Lb, AZZZ2002 
5ADJ,5AHBZZZ2004,Muntons Plain Amber 3.3 Lb, AZZZ2004 
5ADJ,5AHBZZZ2006,Muntons Plain Dark 3.3 Lb, AZZZ2006 
5ADJ,5AHBZZZ2010,MuntonsPlain Maris Otter®3.3Lb, AZZZ2010 
5ADJ,5AHBZZZ2020,Muntons Hopped Light 3.3 Lb, AZZZ2020 
5ADJ,5AHBZZZ2022,Muntons Hopped Amber 3.3 Lb, AZZZ2022 
5ADJ,5AHBZZZ2024,Muntons Hopped Dark 3.3 Lb, AZZZ2024 
5ADJ,5AHBZZZ2155,Muntons MarisOtter LME 25 kg~S, AZZZ2155 
5ADJ,5AHBZZZ2366,Weyermann Bamberg Rauch E 4 Kg, AZZZ2366 
5ADJ,5AHBZZZ3300,Priming Sugar 5 Oz, AZZZ3300 
5ADJ,5AHBZZZ3302,Corn Sugar (Dextrose) 1 Lb, AZZZ3302 
5ADJ,5AHBZZZ3304,BSG Carb Tabs, AZZZ3304 
5ADJ,5AHBZZZ3305,Corn Sugar (Dextrose) 4 Lb, AZZZ3305 
5ADJ,5AHBZZZ3801,Orange Peel Sweet USA 1oz, AZZZ3801 
5ADJ,5AHBZZZ3803,Orange Peel Bitter USA 1oz, AZZZ3803 
5ADJ,5AHBZZZ3807,Coriander Seed 1oz, AZZZ3807 
5ADJ,5AHBZZZ3811,Lemon Peel 1oz, AZZZ3811 
5ADJ,5AZZZZZ1101,Grain Millers Flaked Barley50#, AZZZ1101 
5ADJ,5AZZZZZ1103,Grain Millers Flaked Oats, AZZZ1103 
5ADJ,5AZZZZZ1105,Grain Millers Flaked Wht Wheat, AZZZ1105 
5ADJ,5AZZZZZ1106,Grain Millers Flaked Rye, AZZZ1106 
5ADJ,5AZZZZZ1113,Organic Flaked Oats 50 lb, AZZZ1113 
5ADJ,5AZZZZZ1123,Grain Millers Flaked Oats Tote, AZZZ1123 
5ADJ,5AZZZZZ1126,Grain Millers Flaked Rye Tote, AZZZ1126 
5ADJ,5AZZZZZ1301,OIO Tst. Flaked Barley 55 Lb, AZZZ1301 
5ADJ,5AZZZZZ1302,OIO Flaked Corn 50 Lb, AZZZ1302 
5ADJ,5AZZZZZ1303,OIO Flaked Oats 55 Lb, AZZZ1303 
5ADJ,5AZZZZZ1304,OIO Toasted Wheat Flakes 55 Lb, AZZZ1304 
5ADJ,5AZZZZZ1306,OIO Flaked Rye 55 Lb, AZZZ1306 
5ADJ,5AZZZZZ1307,OIO Toasted Wheat Whole 55 Lb, AZZZ1307 
5ADJ,5AZZZZZ1308,OIO Tst. Flaked Rice 25kg, AZZZ1308 
5ADJ,5AZZZZZ1309,OIO Toasted Buckwheat 55 lb, AZZZ1309 
5ADJ,5AZZZZZ131,Void,AZZZ1313
5ADJ,5AZZZZZ1311,OIO Tst. Flaked Barley Tote, AZZZ1314 
5ADJ,5AZZZZZ1312,OIO Flaked Corn Tote, AZZZ1315 
5ADJ,5AZZZZZ1322,Puffed Wild Rice(15 Min) 25 Lb, AZZZ1322 
5ADJ,5AZZZZZ1324,Puffed Red Rice 25 Lb, AZZZ1324 
5ADJ,5AZZZZZ1326,Puffed Jasmine Rice 25 Lb, AZZZ1326 
5ADJ,5AZZZZZ1329,Toasted Buckwheat 25 Lb, AZZZ1329 
5ADJ,5AZZZZZ1400,Rahr Raw Barley-Unmalt BULK, AZZZ1400 
5ADJ,5AZZZZZ1401,"Rahr Raw Barley, Clean, Unmalt", AZZZ1401 
5ADJ,5AZZZZZ1402,Crisp Flkd Torrefied Maize25kg, AZZZ1402 
5ADJ,5AZZZZZ1403,Crisp Flkd Torrefied MaizeTote, AZZZ1403 
5ADJ,5AZZZZZ1405,Rahr Unmalted White Wheat 50Lb, AZZZ1405 
5ADJ,5AZZZZZ1406,Crisp Torrefied Wheat Bulk, AZZZ1406 
5ADJ,5AZZZZZ1407,Crisp Torrefied Wheat 25 kg, AZZZ1407 
5ADJ,5AZZZZZ1408,Crisp Torrefied Wheat- Tote, AZZZ1408 
5ADJ,5AZZZZZ1409,Muntons Torrefied Wheat 25 kg, AZZZ1409 
5ADJ,5AZZZZZ1410,Torrified Rye - 25kg, AZZZ1410 
5ADJ,5AZZZZZ1411,Rahr Raw Barley-Unmalted 55, AZZZ1411 
5ADJ,5AZZZZZ1412,Crisp Flaked Rice 20 kg, AZZZ1412 
5ADJ,5AZZZZZ1415,Rahr Unmalted Red Wheat 50Lb, AZZZ1415 
5ADJ,5AZZZZZ1416,Rahr Unmalted Red Wheat 55Lb, AZZZ1416 
5ADJ,5AZZZZZ1501,Briess Golden Light DME 50 Lb, AZZZ1501 
5ADJ,5AZZZZZ1502,Briess Bavarian Wheat DME 50, AZZZ1502 
5ADJ,5AZZZZZ1503,Briess Pilsen Light DME 50 Lb, AZZZ1503 
5ADJ,5AZZZZZ1504,Briess Amber DME 50 Lb, AZZZ1504 
5ADJ,5AZZZZZ1505,Briess Dark DME 50 Lb, AZZZ1505 
5ADJ,5AZZZZZ1506,Briess Maltoferm 10001 Organic, AZZZ1506 
5ADJ,5AZZZZZ1511,Maltoferm (R) 10001 Organic 50, AZZZ1511 
5ADJ,5AZZZZZ1601,Briess Golden Lt LME 60 Lb, AZZZ1601 
5ADJ,5AZZZZZ1602,Briess Spkling Amber LME 60 Lb, AZZZ1602 
5ADJ,5AZZZZZ1603,Briess Dark LME 60 Lb, AZZZ1603 
5ADJ,5AZZZZZ1604,Briess Wheat LME 180 Lb Carboy, AZZZ1604 
5ADJ,5AZZZZZ1605,Briess Pilsen Light LME 60 Lb, AZZZ1605 
5ADJ,5AZZZZZ1606,Briess Munich LME 180Lb Carboy, AZZZ1606 
5ADJ,5AZZZZZ1607,Organic Maltoferm 1000 Carboy, AZZZ1607 
5ADJ,5AZZZZZ1608,Briess Wheat LME 60 Lb Pail, AZZZ1608 
5ADJ,5AZZZZZ1611,Briess Gold Lt LME 180# Carboy, AZZZ1611 
5ADJ,5AZZZZZ1612,Briess Amber LME 180 Lb Carboy, AZZZ1612 
5ADJ,5AZZZZZ1613,Briess Dark LME 180 Lb Carboy, AZZZ1613 
5ADJ,5AZZZZZ1615,Briess Pilsen Lt 180 Lb Carboy, AZZZ1615 
5ADJ,5AZZZZZ1625,Briess Pilsen Lt LME 650 Lb Dr, AZZZ1625 
5ADJ,5AZZZZZ1641,Weyer. Bavarian Pils Extract, AZZZ1641 
5ADJ,5AZZZZZ1642,Weyer. Bamberg Rauch Extract, AZZZ1642 
5ADJ,5AZZZZZ1643,Weyer. Munich Amber Extract, AZZZ1643 
5ADJ,5AZZZZZ1644,Weyer. Bav Hefeweizen Extract, AZZZ1644 
5ADJ,5AZZZZZ1701,Briess Sweet Wht Sorghum 60 Lb, AZZZ1701 
5ADJ,5AZZZZZ1702,Briess Sweet Wht Sorghum 650Lb, AZZZ1702 
5ADJ,5AZZZZZ1711,Briess Brown Rice Syrup 5 gal, AZZZ1711 
5ADJ,5AZZZZZ1712,Briess Brown Rice Syrup 650Lb, AZZZ1712 
5ADJ,5AZZZZZ1713,Rice Syrup Solids 50 Lb, AZZZ1713 
5ADJ,5AZZZZZ1721,Briess Corn Syrup 650 Lb Drum, AZZZ1721 
5ADJ,5AZZZZZ1722,Briess Corn Syrup 55 Lb Pail, AZZZ1722 
5ADJ,5AZZZZZ1723,Corn Syrup- 625 LBS, AZZZ1723 
5ADJ,5AZZZZZ1751,Belgian Candi Sugar Amber 3 Lb, AZZZ1751 
5ADJ,5AZZZZZ1752,CandiRock-Clear 25kg, AZZZ1752 
5ADJ,5AZZZZZ1753,Candi Rock-Dark (Brown) 25kg, AZZZ1753 
5ADJ,5AZZZZZ1758,Candy Sugar Lt (USA) 25 Lb~D, AZZZ1758 
5ADJ,5AZZZZZ1759,Candy Sugar Amber (USA) 25 Lb~, AZZZ1759 
5ADJ,5AZZZZZ1764,Belgian Candi Syrup Drk 62 Lb, AZZZ1764 
5ADJ,5AZZZZZ1771,Candi Syrup-Dark (Donker) 25kg, AZZZ1771 
5ADJ,5AZZZZZ1772,Candi Syrup-Amber(Licht) 25kg, AZZZ1772 
5ADJ,5AZZZZZ1773,CandiSyrup-Clear(Raftiswt)25kg, AZZZ1773 
5ADJ,5AZZZZZ1776,Candi Soft-Blonde(Geel) 25kg, AZZZ1776 
5ADJ,5AZZZZZ1777,Candi Soft-Brown(Bruin) 25kg, AZZZ1777 
5ADJ,5AZZZZZ1778,Candi Sugar M Brown 25kg, AZZZ1778 
5ADJ,5AZZZZZ1801,Orange Peel Sweet VP 2 Lb, AZZZ1801 
5ADJ,5AZZZZZ1802,Orange Peel Sweet Pwdr 50 Lb~S, AZZZ1802 
5ADJ,5AZZZZZ1803,Orange Peel Bitter VP- USA 2Lb, AZZZ1803 
5ADJ,5AZZZZZ1804,Orange Peel Bitter- Powdered, AZZZ1804 
5ADJ,5AZZZZZ1805,Cardamon Seed 1 Lb, AZZZ1805 
5ADJ,5AZZZZZ1806,Cardamon Powder 1 Lb, AZZZ1806 
5ADJ,5AZZZZZ1807,Coriander Seed 2 Lb, AZZZ1807 
5ADJ,5AZZZZZ1808,Coriander Powder 2 Lb, AZZZ1808 
5ADJ,5AZZZZZ1809,Chamomile 2 Lb, AZZZ1809 
5ADJ,5AZZZZZ1810,Lemon Grass 2 Lb, AZZZ1810 
5ADJ,5AZZZZZ1811,Lemon Peel 2 Lb, AZZZ1811 
5ADJ,5AZZZZZ1812,Licorice Root Powder, AZZZ1812 
5ADJ,5AZZZZZ1813,Blue Juniper Berries, AZZZ1813 
5ADJ,5AZZZZZ1814,Blueberry Flavour, AZZZ1814 
5ADJ,5AZZZZZ1815,Star Anise, AZZZ1815 
5ADJ,5AZZZZZ1816,Rose Hips, AZZZ1816 
5ADJ,5AZZZZZ1817,Shredded Licorice Root, AZZZ1817 
5ADJ,5AZZZZZ1818,Grains of Paradise (whole), AZZZ1818 
5ADJ,5AZZZZZ1819,TCHO Cocoa Nibs 20 Kg, AZZZ1819 
5ADJ,5AZZZZZ1820,TCHO Nibs Ecuador 11kg ORGANIC, AZZZ1820 
5ADJ,5AZZZZZ1821,TCHO Nibs Ecuador 1.5k ORGANIC, AZZZ1821 
5ADJ,5AZZZZZ1822,TCHO Nibs Peru 11kg, AZZZ1822 
5ADJ,5AZZZZZ1824,TCHO Nibs Ghana 11kg, AZZZ1824 
5ADJ,5AZZZZZ1825,TCHO Nibs Ghana 1.5kg, AZZZ1825 
5ADJ,5AZZZZZ1826,TCHO Nibs Madagascar 11kg, AZZZ1826 
5ADJ,5AZZZZZ1827,TCHO Nibs Madagascar 1.5k, AZZZ1827 
5ADJ,5AZZZZZ1828,Org.Rsp.Fl WONF U1-711416.PL42, AZZZ1828 
5ADJ,5AZZZZZ1829,Watermelon Flavor U1-709685, AZZZ1829 
5ADJ,5AZZZZZ1830,Raspber. Flavor U1-704717.PL72, AZZZ1830 
5ADJ,5AZZZZZ1831,Blueberry Flavoring 55 Gal ~S, AZZZ1831 
5ADJ,5AZZZZZ1832,Raspberry Flavoring 55 Gal, AZZZ1832 
5ADJ,5AZZZZZ1833,StrawberryKiwi Flavor 55GalHAZ, AZZZ1833 
5ADJ,5AZZZZZ1840,TCHO Nibs Ecuador (Tote) ~S, AZZZ1840 
5ADJ,5AZZZZZ1842,TCHO Nibs Peru (Tote) ~S, AZZZ1842 
5ADJ,5AZZZZZ1844,TCHO Nibs Ghana (tote) ~S, AZZZ1844 
5ADJ,5AZZZZZ1846,TCHO Nibs Madagascar (tote) ~S, AZZZ1846 
5ADJ,5AZZZZZ1849,Sam Adams TCHO Blend 50 LB bx, AZZZ1849 
5ADJ,5AZZZZZ1861,Rose Petals, AZZZ1861 
5ADJ,5AZZZZZ1862,Grapefruit Peel 2 Lb, AZZZ1862 
5ADJ,5AZZZZZ1863,Orange Peel Bitter-Morocc2Lb~D, AZZZ1863 
5ADJ,5AZZZZZ1871,Orris Root Natural 50 Lb, AZZZ1871 
5ADJ,5AZZZZZ1872,Orris Root Natural 2 Lb, AZZZ1872 
5ADJ,5AZZZZZ1874,Angelica Root 55.25 Lb, AZZZ1874 
5ADJ,5AZZZZZ1875,Angelica Root 2 LB, AZZZ1875 
5ADJ,5AZZZZZ1880,Nat Orange Extract 1 gal (HAZ), AZZZ1880 
5ADJ,5AZZZZZ1881,Nat Lime Extract 1 gal (HAZ), AZZZ1881 
5ADJ,5AZZZZZ1882,Nat Lemon Extract 1 gal (HAZ), AZZZ1882 
5ADJ,5AZZZZZ1883,Nat Grapefrt Extract 1gal(HAZ), AZZZ1883 
5ADJ,5AZZZZZ1890,Candurin Silver Lustre 1KG, AZZZ1890 
5ADJ,5AZZZZZ1901,Lentz Spelt 50 Lb bag, AZZZ1901 
5ADJ,5AZZZZZ1902,Lentz Spelt 2200 Lb tote, AZZZ1902 
5ADJ,5AZZZZZ1903,Weyermann® Sinamar® 5 liter, AZZZ1903 
5ADJ,5AZZZZZ1904,Weyermann® Sinamar® 30 liter, AZZZ1904 
5ADJ,5AZZZZZ1905,Weyermann®Sinamar® Organic10L, AZZZ1905 
5ADJ,5AZZZZZ2001,Ragus Inverted Sugar 1 25kg~S, AZZZ2001 
5ADJ,5AZZZZZ2002,Ragus Inverted Sugar 2 25kg~S, AZZZ2200 
5ADJ,5AZZZZZ2307,OIO Tstd Wheat Whole 1650 Tote, AZZZ2307 
5ADJ,5AZZZZZ2308,OIO Tstd Wheat Whole 2100 Tote, AZZZ2308 
5ADJ,5AZZZZZ2401,Rahr RawCleanUnmalt Barl Tote, AZZZ2401 
5ADJ,5AZZZZZ2801,Orange Peel Sweet VP 50 Lb, AZZZ2801 
5ADJ,5AZZZZZ2803,Orange Peel Bitter Seville50Lb, AZZZ2803 
5ADJ,5AZZZZZ2805,Cardamon Seed 55 Lb, AZZZ2805 
5ADJ,5AZZZZZ2807,Coriander Seed 50 Lb, AZZZ2807 
5ADJ,5AZZZZZ2808,Coriander Powder 50 Lb, AZZZ2808 
5ADJ,5AZZZZZ2809,Chamomile 27.5 Lb, AZZZ2809 
5ADJ,5AZZZZZ2810,Lemon Grass 27 Lb, AZZZ2810 
5ADJ,5AZZZZZ2811,Lemon Peel 50 Lb, AZZZ2811 
5ADJ,5AZZZZZ2813,Blue Juniper Berries 50 Lb, AZZZ2813 
5ADJ,5AZZZZZ2815,Star Anise 50 Lb, AZZZ2815 
5ADJ,5AZZZZZ2816,Rose Hips 55 Lb, AZZZ2816 
5ADJ,5AZZZZZ2818,Grains of Paradise(whole)55 Lb, AZZZ2818 
5ADJ,5AZZZZZ2861,Rose Petals 30 Lb, AZZZ2861 
5ADJ,5AZZZZZ2862,Grapefruit Peel 50 Lb, AZZZ2862 
5ADJ,5AZZZZZ2863,Orange Peel Bitter Morocc45#~D, AZZZ2863 
5ADJ,5AZZZZZ3401,Rahr RawCleanUnmalt Barl Bulk, AZZZ3401 
5ADJ,5AZZZZZ3416,Rahr Unmalted Red Wheat Bulk, AZZZ3416 
5ADJ,5AZZZZZ4801,Orange Peel Sweet Moroccan 2lb, AZZZ4801 
5ADJ,5AZZZZZ5801,Orange Peel Sweet Moroccan 50#, AZZZ5801 
5ADJ,5AZZZZZ6105,Flaked White Wheat 1 Lb, AZZZ6105 
5ADJ,5AZZZZZ6405,Rahr Unmalted White Wheat 1 Lb, AZZZ6405 
5ADJ,5AZZZZZ6407,Crisp Torrefied Wheat 1 Lb, AZZZ6407 
5ADJ,5AZZZZZ6409,Muntons Torrefied Wheat 1 Lb, AZZZ6409 
5ADJ,5AZZZZZ6801,Orange Peel Sweet SPA 2# ORG, AZZZ6801 
5ADJ,5AZZZZZ7105,Flaked White Wheat 10 Lb, AZZZ7105 
5ADJ,5AZZZZZ7405,Rahr Unmalted White Wheat 10Lb, AZZZ7405 
5ADJ,5AZZZZZ7407,Crisp Torrefied Wheat 10 Lb, AZZZ7407 
5ADJ,5AZZZZZ7409,Muntons Torrefied Wheat 10 Lb, AZZZ7409 
5ADJ,5AZZZZZ7801,Orange Peel Sweet SPA 25kg ORG, AZZZ7801 
5ADJ,5AZZZZZ8105,Flaked White Wheat 8 oz ~S, AZZZ8105 
5YST,5BHB3621M10,Coopers 15 Gr Yeast 10 Pack~S, B3621M10 
5YST,5BHB3621M18,Coopers 15 Gr Yeast 18 Pack~S, B3621M18 
5BRW,5BHB7415AKI,Heavy Toast Oak Powder 3 Oz ~S, B7415AKI 
5BRW,5BHBZZ7100A,Amylase Enzyme Formula 1.5 Oz, BZZ7100A 
5BRW,5BHBZZ7100B,Amylase Enzyme Formula 1 Lb, BZZ7100B 
5BRW,5BHBZZ7100C,Amylase Enzyme Formula 5 Lb, BZZ7100C 
5BRW,5BHBZZ7100D,Amylase Enzyme Formula 50 Lb, BZZ7100D 
5BRW,5BHBZZ7100E,Amylase Enzyme Formula Bulk LB, BZZ7100E 
5BRW,5BHBZZ7100Z,"Alpha Amylase 40,000, 20 kg~D", BZZ7100Z 
5BRW,5BHBZZ7103A,Biofine P019 Beer Fining .5 oz, BZZ7103A 
5BRW,5BHBZZ7109B,Calcium Chloride Pellets 1 Lb, BZZ7109B 
5BRW,5BHBZZ7109C,Calcium Chloride Pellets 5 Lb, BZZ7109C 
5BRW,5BHBZZ7115A,Gelatin 200 Bloom 2 Oz, BZZ7115A 
5BRW,5BHBZZ7115B,Gelatin 200 Bloom 1 Lb, BZZ7115B 
5BRW,5BHBZZ7120A,Gypsum (Calcium Sulfate) 2 Oz, BZZ7120A 
5BRW,5BHBZZ7120B,Gypsum (Calcium Sulfate) 5 Lb, BZZ7120B 
5BRW,5BHBZZ7130A,Irish Moss 1 Oz, BZZ7130A 
5BRW,5BHBZZ7130D,Irish Moss 10 Lb~D, BZZ7130D 
5BRW,5BHBZZ7132A,Liquid Isinglass 60Ml (2 Oz), BZZ7132A 
5BRW,5BHBZZ7132C,Liquid Isinglass 1 Liter, BZZ7132C 
5BRW,5BHBZZ7137Z,Lactic Acid 88% 55 gal (HAZ), BZZ7137Z 
5BRW,5BHBZZ7140A,Lactose 1 Lb, BZZ7140A 
5BRW,5BHBZZ7140B,Lactose 5 Lb, BZZ7140B 
5BRW,5BHBZZ7150A,Malto Dextrin 8 Oz, BZZ7150A 
5BRW,5BHBZZ7150B,Malto Dextrin 5 Lb, BZZ7150B 
5BRW,5BHBZZ7150K,KIT STOCK Malto Dextrin 8 Oz~S, BZZ7150K 
5BRW,5BHBZZ7155A,Polyclar 10 1/2 oz, BZZ7155A 
5BRW,5BHBZZ7156B,Polyclar 10 1 Lb~D, BZZ7156B 
5BRW,5BHBZZ7156C,Polyclar 10 5 Lb~D, BZZ7156C 
5BRW,5BHBZZ7170A,Kerry Whirlfloc (R) T 10 Pack, BZZ7170A 
5BRW,5BHBZZ7300A,Acid Blend 3 Oz, BZZ7300A 
5BRW,5BHBZZ7300B,Acid Blend 1 Lb, BZZ7300B 
5BRW,5BHBZZ7300C,Acid Blend 5 Lb, BZZ7300C 
5BRW,5BHBZZ7300D,Acid Blend 55 Lb, BZZ7300D 
5BRW,5BHBZZ7300E,Bulk - Acid Blend in LBS, BZZ7300E 
5BRW,5BHBZZ7305Z,Diammonium Phospha DAP 50Lb~D, BZZ7305Z 
5BRW,5BHBZZ7315A,Ascorbic Acid 2 Oz, BZZ7315A 
5BRW,5BHBZZ7315B,Ascorbic Acid 1 Lb ~D, BZZ7315B 
5BRW,5BHBZZ7315C,Ascorbic Acid 5 Lb ~D, BZZ7315C 
5BRW,5BHBZZ7320A,Bentonite 4 Oz, BZZ7320A 
5BRW,5BHBZZ7320B,Bentonite 5 Lb~D, BZZ7320B 
5BRW,5BHBZZ7320C,Bentonite 50 Lb, BZZ7320C 
5BRW,5BHBZZ7325A,Calcium Carbonate 4 Oz, BZZ7325A 
5BRW,5BHBZZ7325B,Calcium Carbonate 1 Lb, BZZ7325B 
5BRW,5BHBZZ7325C,Calcium Carbonate 5 Lb, BZZ7325C 
5BRW,5BHBZZ7330A,Citric Acid 3 Oz, BZZ7330A 
5BRW,5BHBZZ7330C,Citric Acid 5 Lb, BZZ7330C 
5BRW,5BHBZZ7337Z,Chitosan Fining Agent 24 Liter, BZZ7337Z 
5YST,5BHBZZ7344A,Yeast Energizer Powder 1 Oz~D, BZZ7344A 
5YST,5BHBZZ7344B,Yeast Energizer Powder 1 Lb~D, BZZ7344B 
5BRW,5BHBZZ7355A,Malic Acid 1 Lb, BZZ7355A 
5BRW,5BHBZZ7355B,Malic Acid 5 Lb ~D, BZZ7355B 
5BRW,5BHBZZ7356A,Lysozyme Powder 2 Oz, BZZ7356A 
5BRW,5BHBZZ7356Z,Lysozyme Powder Bulk 1 Kg, BZZ7356Z 
5YST,5BHBZZ7357A,Fermax Yeast Nutrient 4 Oz, BZZ7357A 
5BRW,5BHBZZ7357B,Fermax Nutrient 1 Lb, BZZ7357B 
5BRW,5BHBZZ7357C,Fermax Nutrient 5 Lb, BZZ7357C 
5BRW,5BHBZZ7357D,Fermax Nutrient 55 Lb, BZZ7357D 
5BRW,5BHBZZ7357E,Fermax Nutrient Bulk~D, BZZ7357E 
5YST,5BHBZZ7357X,Yeastade 50 50 Lb Drum~D, BZZ7357X 
5BRW,5BHBZZ7357Z,Dipotassium Phosphate 50 Lb, BZZ7357Z 
5BRW,5BHBZZ7358A,Glycerine 99.7% Pure 4 Fl Oz, BZZ7358A 
5BRW,5BHBZZ7358E,Glycerine 99.7% Pure 500 mL~D, BZZ7358E 
5BRW,5BHBZZ7358Z,Glycerine 99.7% Pure Bulk, BZZ7358Z 
5BRW,5BHBZZ7365B,Liquid Oak Essence 500Ml~D, BZZ7365B 
5BRW,5BHBZZ7365C,Liquid Oak Essence 20 Liters~S, BZZ7365C 
5BRW,5BHBZZ7370A,Pectic Enzyme Solution 1/2 Oz, BZZ7370A 
5BRW,5BHBZZ7370D,Pectic Enzyme Solution 1Gal~D, BZZ7370D 
5BRW,5BHBZZ7370Z,Rapidase Power Solution 20Kg, BZZ7370Z 
5BRW,5BHBZZ7371A,Pectic Enzyme Powder 1 Oz, BZZ7371A 
5BRW,5BHBZZ7371B,Pectic Enzyme Powder 1 Lb, BZZ7371B 
5BRW,5BHBZZ7375A,Potassium Bicarbonate 5 Oz~D, BZZ7375A 
5BRW,5BHBZZ7375B,Potassium Bicarbonate 1 Lb, BZZ7375B 
5BRW,5BHBZZ7375Z,Potassium Bicarbonate 50 Lb, BZZ7375Z 
5BRW,5BHBZZ7380A,Potassium Sorbate 1.5 Oz, BZZ7380A 
5BRW,5BHBZZ7380B,Potassium Sorbate 1 Lb, BZZ7380B 
5BRW,5BHBZZ7380C,Potassium Sorbate 5 Lb, BZZ7380C 
5BRW,5BHBZZ7381B,Sodium Benzoate 1 Lb ~D, BZZ7381B 
5BRW,5BHBZZ7384A,Hotmix Sparkolloid Powder 1 Oz, BZZ7384A 
5BRW,5BHBZZ7384B,Hotmix Sparkolloid Powder 1 Lb, BZZ7384B 
5BRW,5BHBZZ7390A,Tannin 1.5 Oz, BZZ7390A 
5BRW,5BHBZZ7390B,Tannin 1 Lb, BZZ7390B 
5BRW,5BHBZZ7390C,Tannin 5 Lb ~D, BZZ7390C 
5BRW,5BHBZZ7390Y,Tannin 25 Kg, BZZ7390Y 
5BRW,5BHBZZ7390Z,Tannin 20 Kg, BZZ7390Z 
5BRW,5BHBZZ7391A,Tannin Liquid 2fl oz (60 mL)~D, BZZ7391A 
5BRW,5BHBZZ7395A,Tartaric Acid 3 Oz, BZZ7395A 
5BRW,5BHBZZ7395B,Tartaric Acid 1 Lb, BZZ7395B 
5BRW,5BHBZZ7395C,Tartaric Acid 5 Lb, BZZ7395C 
5BRW,5BHBZZ7400C,Enocolor Wine Coloring 20 Kg~D, BZZ7400C 
5BRW,5BHBZZ7405A,Light Toast Oak Chips 4 Oz, BZZ7405A 
5BRW,5BHBZZ7405B,Light Toast Oak Chips 1 Lb, BZZ7405B 
5BRW,5BHBZZ7405D,Light Toast Am Oak Chips 50 Lb, BZZ7405D 
5BRW,5BHBZZ7405E,Light Toast Am Oak Chips 15g~S, BZZ7405E 
5BRW,5BHBZZ7410A,Heavy Toast Oak Chips 4 Oz, BZZ7410A 
5BRW,5BHBZZ7410B,Heavy Toast Oak Chips 1 Lb, BZZ7410B 
5BRW,5BHBZZ7410D,Heavy Toast Am Oak Chips 50 Lb, BZZ7410D 
5BRW,5BHBZZ7410K,Heavy Toast Oak Chip 0.5 Oz ~S, BZZ7410K 
5BRW,5BHBZZ7415D,Heavy Toast Oak Powder 50 Lb, BZZ7415D 
5BRW,5BHBZZ7419A,Hungarian Oak Shavings 4 Oz, BZZ7419A 
5BRW,5BHBZZ7419B,Hungarian Oak Shavings 1 Lb, BZZ7419B 
5BRW,5BHBZZ7419D,Hungarian Oak Shavings Bulk-Kg, BZZ7419D 
5BRW,5BHBZZ7423A,Hungarian Oak Cubes 3 Oz, BZZ7423A 
5BRW,5BHBZZ7423B,Hungarian Oak Cubes 1 Lb, BZZ7423B 
5BRW,5BHBZZ7423D,Hungarian Oak Cubes 1 kg, BZZ7423D 
5BRW,5BHBZZ8008A,Mocha Tannin 2oz, BZZ8008A 
5BRW,5BHBZZ8008B,Mocha Tannin 4oz, BZZ8008B 
5BRW,5BHBZZ8009A,Vanilla Tannin 2oz, BZZ8009A 
5BRW,5BHBZZ8009B,Vanilla Tannin 4oz, BZZ8009B 
5BRW,5BHBZZ8010A,Fruit Enhancer PS 2oz, BZZ8010A 
5BRW,5BHBZZ8010B,Fruit Enhancer PS 4oz, BZZ8010B 
5BRW,5BHBZZ9660B,Lactic Acid 88% 500Ml~D, BZZ9660B 
5YST,5BHBZZ9804A,RedStarDistillersYeast(DADY)1#, BZZ9804A 
5YST,5BHBZZ9804Z,RedStarDistillrYeast(DADY)10kg, BZZ9804Z 
5BRW,5BHBZZ9817A,Sylopute 130 Silica 5 Oz, BZZ9817A 
5BRW,5BHBZZ9832A,Fermcap S 500 mL ~D, BZZ9832A 
5BRW,5BHBZZ9833A,Fermcap S 500 g, BZZ9833A 
5BRW,5BHBZZX7001,XE10 Filter Sheet- Case of 100, BZZX7001 
5BRW,5BHBZZX7002,XE20 40X40Cm Filter Sheet Case, BZZX7002 
5BRW,5BHBZZX7003,XE50 40X40Cm Filter Sheet Case, BZZX7003 
5BRW,5BHBZZX7004,XE70 40X40Cm Filter Sheet Case, BZZX7004 
5BRW,5BHBZZX7005,XE90 40X40 Cm Filter Sheet Cs, BZZX7005 
5BRW,5BHBZZX7006,XE150H 40X40Cm Filter Sheet Cs, BZZX7006 
5BRW,5BHBZZX7007,XE280 40X40Cm Filter Sheet Cs, BZZX7007 
5BRW,5BHBZZX7009,XE675 40X40Cm Filter Sheet Cs, BZZX7009 
5BRW,5BHBZZX7010,XE200 Filter Sheet Case of 1~D, BZZX7010 
5BRW,5BHBZZX7011,XE400 40X40Cm FilterSheet Cs~D, BZZX7011 
5YST,5BHBZZZ3605,Muntons Ale Yeast 6 Grams, BZZZ3605 
5YST,5BHBZZZ3608,Muntons Prem Gold Ale Yst 6 Gr, BZZZ3608 
5YST,5BHBZZZ3613,Nottingham Beer Yeast 11 Gram, BZZZ3613 
5YST,5BHBZZZ3614,Munich Wheat Beer Yeast 11 Gr, BZZZ3614 
5YST,5BHBZZZ3615,Belle Saison Beer Yeast 11 Gr, BZZZ3615 
5YST,5BHBZZZ3616,Munich Clas Wheatbeer Yst 11Gr, BZZZ3616 
5YST,5BHBZZZ3617,BRY-97 Ale Yeast 11 Grams, BZZZ3617 
5YST,5BHBZZZ3618,Windsor Ale Yeast 11 Grams, BZZZ3618 
5YST,5BHBZZZ3619,London ESB Yeast 11 Gr, BZZZ3619 
5YST,5BHBZZZ3629,Safale US-05 Beer Yeast 11.5g, BZZZ3629 
5YST,5BHBZZZ3630,Safale S-04 Beer Yeast 11.5 g, BZZZ3630 
5YST,5BHBZZZ3631,Safbrew S-33 Beer Yeast 11.5 g, BZZZ3631 
5YST,5BHBZZZ3632,Saflager S-23 Beer Yeast 11.5g, BZZZ3632 
5YST,5BHBZZZ3633,Safbrew T-58 Beer Yeast 11.5 g, BZZZ3633 
5YST,5BHBZZZ3634,Safbrew WB-06 Beer Yeast 11.5g, BZZZ3634 
5YST,5BHBZZZ3635,Saflager W-34/70 Yeast 11.5g, BZZZ3635 
5YST,5BHBZZZ3636,Safbrew BE-256 Yst 11.5g Abbay, BZZZ3636 
5YST,5BHBZZZ3637,Saflager S-189 Yeast 11.5 g, BZZZ3637 
5YST,5BHBZZZ3638,Safale K-97 Yeast 11.5 g, BZZZ3638 
5YST,5BHBZZZ3639,Safcider Yeast 5 g, BZZZ3639 
5YST,5BHBZZZ3640,Safale BE-134 Yeast 11.5g, BZZZ3640 
5YST,5BHBZZZ4900,RedStar Prem Classique Sgl 5gm, BZZZ4900 
5YST,5BHBZZZ4902,Red Star Premier Cuvee Sgl 5gm, BZZZ4902 
5YST,5BHBZZZ4904,Red Star Premier Blanc 5gm, BZZZ4904 
5YST,5BHBZZZ4908,Red Star Cote Des Blanc 5gm, BZZZ4908 
5YST,5BHBZZZ4910,Red Star Premier Rouge 5gm, BZZZ4910 
5YST,5BHBZZZ4915,Lalvin Wine Yeast K1V-1116 5 g, BZZZ4915 
5YST,5BHBZZZ4917,Lalvin Wine Yeast EC-1118 5 g, BZZZ4917 
5YST,5BHBZZZ4919,Lalvin Wine Yeast 71B-1122 5 g, BZZZ4919 
5YST,5BHBZZZ4921,Lalvin Wine Yeast RC212 5 g, BZZZ4921 
5YST,5BHBZZZ4923,Lalvin Wine Yeast Icv D-47 5 g, BZZZ4923 
5YST,5BHBZZZ4924,Lalvin Wine Yeast QA23 5 g, BZZZ4924 
5YST,5BHBZZZ4925,Lalvin Wine Yeast BM 4x4 5 g, BZZZ4925 
5BRW,5BHBZZZ7335,Lq Super-Kleer KC Fining Agent, BZZZ7335 
5BRW,5BHBZZZ7337,Chitosan Fining Agent 1 Liter, BZZZ7337 
5BRW,5BHBZZZ7338,Kieselsol Fining Agent 1 Lt, BZZZ7338 
5BRW,5BHBZZZ7359,Super-Smoother For Wine, BZZZ7359 
5YST,5BHBZZZ8146,Alcotec 48 Turbo Yeast 135 g, BZZZ8146 
5YST,5BHBZZZ8147,Alcotec 24-Turbo Yeast 205 g, BZZZ8147 
5BRW,5BHBZZZ9549,Chr Han Antioxidant 44 Lb~D, BZZZ9549 
5BRW,5BHBZZZ9560,Water Treatment Salts 50 Lb, BZZZ9560 
5BRW,5BHBZZZ9653,Calcium Chloride Pellet 10 Lb, BZZZ9653 
5YST,5BHBZZZ9760,SafSpirit M-1 500 gr, BZZZ9760 
5YST,5BHBZZZ9761,SafSpirit USW-6 500 gr, BZZZ9761 
5YST,5BHBZZZ9762,SafSpirit GR-2 500 gr, BZZZ9762 
5YST,5BHBZZZ9763,SafSpirit FD-3 500 gr, BZZZ9763 
5YST,5BHBZZZ9764,SafSpirit C-70 500 gr, BZZZ9764 
5BRW,5BHBZZZ9820,Water Treatment Salts 5 Lb ~D, BZZZ9820 
5BRW,5BHBZZZ9831,Fermcap S 0.5 fl oz ~D, BZZZ9831 
5BRW,5BHBZZZ9832,Fermcap S 15 g, BZZZ9832 
5BRW,5BZZZZC1610,Biofine P019 1 kg CAN, BCZZ1610 
5BRW,5BZZZZC1670,Whirlfloc T 1 kg CAN, BCZZ1670 
5BRW,5BZZZZC1675,Whirlfloc G 1 kg CAN, BCZZ1675 
5YST,5BZZZZC1909,Yeastex 82 1 kg CAN, BCZZ1909 
5BRW,5BZZZZZ1101,"Large Bungs, 1 15/16", BZZZ1101 
5BRW,5BZZZZZ1102,"Small Bungs, 1 27/32 in", BZZZ1102 
5BRW,5BZZZZZ1103,"Shives, Plastic", BZZZ1103 
5BRW,5BZZZZZ1104,"Shives, Wood", BZZZ1104 
5BRW,5BZZZZZ1105,Keystones Plastic, BZZZ1105 
5BRW,5BZZZZZ1106,Keystones Wood, BZZZ1106 
5BRW,5BZZZZZ1107,"Spiles, Hard", BZZZ1107 
5BRW,5BZZZZZ1108,"Spiles, Soft", BZZZ1108 
5BRW,5BZZZZZ1109,Growler Bands, BZZZ1109 
5BRW,5BZZZZZ1110,Growler Caps, BZZZ1110 
5BRW,5BZZZZZ1112,Keg Kollars, BZZZ1112 
5BRW,5BZZZZZ1113,Keg Toppers- White, BZZZ1113 
5BRW,5BZZZZZ1114,Keg Toppers- Blue, BZZZ1114 
5BRW,5BZZZZZ1115,Keg Toppers- Yellow, BZZZ1115 
5BRW,5BZZZZZ1116,Keg Toppers- Red, BZZZ1116 
5BRW,5BZZZZZ1117,Keg Toppers- Green, BZZZ1117 
5BRW,5BZZZZZ1118,Keg Toppers- Black, BZZZ1118 
5BRW,5BZZZZZ1121,Green Line Floating Thermo, BZZZ1121 
5BRW,5BZZZZZ1122,Green Line Base, BZZZ1122 
5BRW,5BZZZZZ1151,"Spirals, AWO, Heavy, 1 inx8 in", BZZZ1151 
5BRW,5BZZZZZ1152,"Spirals, AWO, Med+ 1 inX8 in 2", BZZZ1152 
5BRW,5BZZZZZ1153,"Spirals, AWO, Med, 1 inx8 in,2", BZZZ1153 
5BRW,5BZZZZZ1154,"Spirals, AWO, Lt,1 inx8 in,", BZZZ1154 
5BRW,5BZZZZZ1155,"Spirals, FrO,1 inx8 in, Heavy,", BZZZ1155 
5BRW,5BZZZZZ1156,"Spirals, FrO, Med+,1 inx8 in,2", BZZZ1156 
5BRW,5BZZZZZ1157,"Spirals, FrO, Med,1 inx8 in,2p", BZZZ1157 
5BRW,5BZZZZZ1158,"Spirals,FrO,Lt,1 inx8 in2pk", BZZZ1158 
5BRW,5BZZZZZ1161,"Spirals, AWO Hvy, 1.5x9in 60ga", BZZZ1161 
5BRW,5BZZZZZ1162,"Spirals,AWO,Med+,1.5x9in 60gal", BZZZ1162 
5BRW,5BZZZZZ1163,"Spirals, AWO, Med,1.5x9in 60ga", BZZZ1163 
5BRW,5BZZZZZ1164,"Spirals, AWO,Lt 1.5x9 in 60ga", BZZZ1164 
5BRW,5BZZZZZ1165,"Spirals, FrO, Hvy 1.5x9in 60ga", BZZZ1165 
5BRW,5BZZZZZ1166,"Spirals FrO Med+,1.5x9in 60ga", BZZZ1166 
5BRW,5BZZZZZ1167,"Spirals,FrO,Med,1.5x9 in,60gal", BZZZ1167 
5BRW,5BZZZZZ1168,"Spirals, FrO Lt, 1.5x9 in 60ga", BZZZ1168 
5BRW,5BZZZZZ1171,"Spirals, Cherry, 1.5x9 in 60ga", BZZZ1171 
5BRW,5BZZZZZ1172,"Spirals, Cherry, 48in, 6 pk", BZZZ1172 
5BRW,5BZZZZZ1173,"Spirals, AWO, Tank Pack, Med", BZZZ1173 
5BRW,5BZZZZZ1176,"Spirals, AWO, Tank Pack, Med +", BZZZ1176 
5BRW,5BZZZZZ1181,1 Lb Nylon Bag 11 x 8, BZZZ1181 
5BRW,5BZZZZZ1182,2 Lbs Nylon Bag 15 x 8, BZZZ1182 
5BRW,5BZZZZZ1183,3 Lb Nylon Bag 15 x 10, BZZZ1183 
5BRW,5BZZZZZ1184,Wine Making Bag 24 x 24, BZZZ1184 
5BRW,5BZZZZZ1185,Hop Pellet Bag 8 x 6   Fine, BZZZ1185 
5BRW,5BZZZZZ1186,Hop Pellet Bag 12 x 9  Fine, BZZZ1186 
5BRW,5BZZZZZ1187,Stephens Keg Hop Bag 2 x 24, BZZZ1187 
5BRW,5BZZZZZ1188,Muslin Hop Bag 1' x 3', BZZZ1188 
5BRW,5BZZZZZ1201,Brewers Crystals 55 Lb, BZZZ1201 
5BRW,5BZZZZZ1202,Corn Sugar (Dextrose) 50 Lb, BZZZ1202 
5BRW,5BZZZZZ1203,Lactose 55 lb., BZZZ1203 
5BRW,5BZZZZZ1204,Malto Dextrin 50 Lb, BZZZ1204 
5BRW,5BZZZZZ1206,CornSugarNON-GM(Dextrose)55Lb, BZZZ1206 
5BRW,5BZZZZZ1301,Sodium Chloride 50 Lb, BZZZ1301 
5BRW,5BZZZZZ1306,Calcium Chloride 50 Lb 94-9, BZZZ1306 
5BRW,5BZZZZZ1307,Calcium Chloride 110 Lb Drm, BZZZ1307 
5BRW,5BZZZZZ1308,Liquid Calcium Chloride 32% ~S, BZZZ1308 
5BRW,5BZZZZZ1311,Gypsum (Calcium Sulfate) 50 Lb, BZZZ1311 
5BRW,5BZZZZZ1316,Calcium Carbonate 50 Lb, BZZZ1316 
5BRW,5BZZZZZ1317,Magnesium Sulfate 50 Lb, BZZZ1317 
5BRW,5BZZZZZ1321,Sodium Bicarbonate 50 Lb, BZZZ1321 
5BRW,5BZZZZZ1325,Citric Acid 1 Lb, BZZZ1325 
5BRW,5BZZZZZ1330,Citric Acid 50 Lb, BZZZ1330 
5BRW,5BZZZZZ1331,Lactic Acid 88% 1 Gal (HAZ) ~D, BZZZ1331 
5BRW,5BZZZZZ1332,Lactic Acid 88% 5 Gal (HAZ) ~D, BZZZ1332 
5BRW,5BZZZZZ1333,Lactic Acid 88% 1200 kg tote, BZZZ1333 
5BRW,5BZZZZZ1334,Lactic Acid 88% 4 kg (HAZ), BZZZ1334 
5BRW,5BZZZZZ1335,Lactic Acid 88% 20 kg (HAZ), BZZZ1335 
5BRW,5BZZZZZ1336,Water Treatment Salts, BZZZ1336 
5BRW,5BZZZZZ1341,Antiox C  10 Lb, BZZZ1341 
5BRW,5BZZZZZ1351,AMS 25 Liter, BZZZ1351 
5BRW,5BZZZZZ1353,DWB 25 Kg, BZZZ1353 
5BRW,5BZZZZZ1360,Weyermann® Sour Wort 20KG, BZZZ1360 
5BRW,5BZZZZZ1402,Oat Hull Tote, BZZZ1402 
5BRW,5BZZZZZ1406,Rice Hulls 50 Lb, BZZZ1406 
5BRW,5BZZZZZ1411,Harborlite 500 3mic 2.8 cu ft, BZZZ1411 
5BRW,5BZZZZZ1412,Harborlite 900 7mic 2.8 cu ft, BZZZ1412 
5BRW,5BZZZZZ1413,Harborlite 400 2.8 cu ft, BZZZ1413 
5BRW,5BZZZZZ1414,Harborlite 700 2.8 cu ft, BZZZ1414 
5BRW,5BZZZZZ1421,"Perlite, Grade #3, 34 Lb. bag", BZZZ1421 
5BRW,5BZZZZZ1422,"Perlite, Grade Lb7, 40 Lb. bag", BZZZ1422 
5BRW,5BZZZZZ1431,Ertel 40cm Filters M10 Perlite, BZZZ1431 
5BRW,5BZZZZZ1432,Ertel 40cm Filters M40 Perlite, BZZZ1432 
5BRW,5BZZZZZ1433,Ertel 40cm Filters M45 Perlite, BZZZ1433 
5BRW,5BZZZZZ1434,Ertel 3cm Filters, BZZZ1434 
5BRW,5BZZZZZ1435,Ertel 40cm Filters M70 Perlite, BZZZ1435 
5BRW,5BZZZZZ1436,Ertel Alsop Filter Pads Grade, BZZZ1436 
5BRW,5BZZZZZ1437,Ertel 40cm Filters M50 Perlite, BZZZ1437 
5BRW,5BZZZZZ1440,"FibraFix, AF 21H 40x40cm", BZZZ1440 
5BRW,5BZZZZZ1441,"FibraFix, AF 31H 40x40cm", BZZZ1441 
5BRW,5BZZZZZ1442,"FibraFix, AF 41H 40x40cm", BZZZ1442 
5BRW,5BZZZZZ1443,"FibraFix, AF 71H 40x40cm", BZZZ1443 
5BRW,5BZZZZZ1444,"FibraFix, AF 101H 40x40cm", BZZZ1444 
5BRW,5BZZZZZ1445,"FibraFix, AFST 130, 40x40cm", BZZZ1445 
5BRW,5BZZZZZ1446,"Fibrafix, TX-R 40x40 cm", BZZZ1446 
5BRW,5BZZZZZ1461,Celite Cynergy 200 22.7 kg, BZZZ1461 
5BRW,5BZZZZZ1462,Celite Std Super Cel-Z- 22.7 k, BZZZ1462 
5BRW,5BZZZZZ1463,Celite HyFlo SuperCel  Z-22.7, BZZZ1463 
5BRW,5BZZZZZ1464,Celite 512Z 22.7 kg, BZZZ1464 
5BRW,5BZZZZZ1465,Celite Fibra-Cel SW-10 15 Lb, BZZZ1465 
5BRW,5BZZZZZ1466,Celite HyFlo PZ 50 lb., BZZZ1466 
5BRW,5BZZZZZ1468,Sylopute 130 Silica 20kg ~D, BZZZ1468 
5BRW,5BZZZZZ1499,Fermcap S 1 kg, BZZZ1499 
5BRW,5BZZZZZ1500,Fermcap S 4 kg, BZZZ1500 
5BRW,5BZZZZZ1503,Fermcap S 25 kg, BZZZ1503 
5BRW,5BZZZZZ1505,Fermcap S 1000 kg Tote, BZZZ1505 
5BRW,5BZZZZZ1508,Fermcap AT  25 kg, BZZZ1508 
5BRW,5BZZZZZ1509,Fermcap AT 1 kg, BZZZ1509 
5BRW,5BZZZZZ1510,Fermcap AT 4 kg, BZZZ1510 
5BRW,5BZZZZZ1511,Biofoam CL 1 kg, BZZZ1511 
5BRW,5BZZZZZ1512,Biofoam CL 5kg, BZZZ1512 
5BRW,5BZZZZZ1513,Biofoam CL 15 kg, BZZZ1513 
5BRW,5BZZZZZ1516,Biofoam K / Foam Aid 55 Lb, BZZZ1516 
5BRW,5BZZZZZ1517,Biofoam K / Foam Aid 5 kg, BZZZ1517 
5BRW,5BZZZZZ1521,Fermcap NT 1 Liter, BZZZ1521 
5BRW,5BZZZZZ1522,Fermcap NT 4 liter, BZZZ1522 
5BRW,5BZZZZZ1523,Fermcap NT 25 kg, BZZZ1523 
5BRW,5BZZZZZ1598,Biofine Clear 1 kg, BZZZ1598 
5BRW,5BZZZZZ1599,Biofine Clear 4 kg, BZZZ1599 
5BRW,5BZZZZZ1600,Biofine Clear 25 kg, BZZZ1600 
5BRW,5BZZZZZ1604,Biofine Clear 250 kg drum, BZZZ1604 
5BRW,5BZZZZZ1605,Biofine Clear 1170 kg Tank, BZZZ1605 
5BRW,5BZZZZZ1606,Biofine P019 1 Lb, BZZZ1606 
5BRW,5BZZZZZ1607,Biofine P019  5 Lb, BZZZ1607 
5BRW,5BZZZZZ1608,Biofine P019 55 Lb, BZZZ1608 
5BRW,5BZZZZZ1609,Biofine P019 3 Lb, BZZZ1609 
5BRW,5BZZZZZ1611,Biocloud 1kg, BZZZ1611 
5BRW,5BZZZZZ1612,Biocloud 5kg ~D, BZZZ1612 
5BRW,5BZZZZZ1613,Biocloud 15 kg, BZZZ1613 
5BRW,5BZZZZZ1615,Silica Sol 1 L, BZZZ1615 
5BRW,5BZZZZZ1616,Silica Sol 4 L, BZZZ1616 
5BRW,5BZZZZZ1617,Silica Sol 5 Gal, BZZZ1617 
5BRW,5BZZZZZ1621,Magicol 250 AC  1 kg, BZZZ1621 
5BRW,5BZZZZZ1624,ALDC  1 kg, BZZZ1624 
5BRW,5BZZZZZ1626,Magicol 250 AS  1 kg, BZZZ1626 
5BRW,5BZZZZZ1627,Magicol 250 AS  10 kg, BZZZ1627 
5BRW,5BZZZZZ1641,Caskleer Paste 5 Lb, BZZZ1641 
5BRW,5BZZZZZ1644,China Clay 25kg, BZZZ1644 
5BRW,5BZZZZZ1650,KoppaKleer Tablets 2kg, BZZZ1650 
5BRW,5BZZZZZ1651,KoppaKleer Tablets  5 Lb ~D, BZZZ1651 
5BRW,5BZZZZZ1652,KoppaKleer Tablets  25 kg, BZZZ1652 
5BRW,5BZZZZZ1656,Nutromix Tablets 2kg, BZZZ1656 
5BRW,5BZZZZZ1657,Nutromix Tablets 25kg, BZZZ1657 
5BRW,5BZZZZZ1661,Irish Moss 1 Lb, BZZZ1661 
5BRW,5BZZZZZ1662,Irish Moss 5 Lb, BZZZ1662 
5BRW,5BZZZZZ1663,Irish Moss 44 Lb, BZZZ1663 
5BRW,5BZZZZZ1671,Whirlfloc T 2.5 Lb, BZZZ1671 
5BRW,5BZZZZZ1672,Whirlfloc T 5 Lb, BZZZ1672 
5BRW,5BZZZZZ1673,Whirlfloc T 55 Lb, BZZZ1673 
5BRW,5BZZZZZ1676,Whirlfloc G 5 Lb, BZZZ1676 
5BRW,5BZZZZZ1677,Whirlfloc G 20 kilo, BZZZ1677 
5BRW,5BZZZZZ1681,Whirlfloc BWS 5 Lb, BZZZ1681 
5BRW,5BZZZZZ1682,Whirlfloc BWS 25kg, BZZZ1682 
5BRW,5BZZZZZ1685,Superfloc (Protofloc) 20 kg~D, BZZZ1685 
5BRW,5BZZZZZ1691,Alginex 1 Litre, BZZZ1691 
5BRW,5BZZZZZ1695,Gelatin 200 Bloom 10 Lb, BZZZ1695 
5BRW,5BZZZZZ1696,Gelatin 175A Bloom 50 Lb ~D, BZZZ1696 
5BRW,5BZZZZZ1697,PolyClar10 25 Lb, BZZZ1697 
5BRW,5BZZZZZ1698,Gelatin 250B Bloom 50 Lb, BZZZ1698 
5BRW,5BZZZZZ1699,Gelatin 200 Bloom 50 Lb, BZZZ1699 
5BRW,5BZZZZZ1708,Amylo 300 1 L ~D, BZZZ1708 
5BRW,5BZZZZZ1709,Amylo 300 25 kg, BZZZ1709 
5BRW,5BZZZZZ1710,Amylo 300 1 kg, BZZZ1710 
5BRW,5BZZZZZ1711,BioGlucanase TX 25 kg, BZZZ1711 
5BRW,5BZZZZZ1714,Bioglucanase GB 25 kg, BZZZ1714 
5BRW,5BZZZZZ1716,Bioglucanase GB 4 L ~D, BZZZ1716 
5BRW,5BZZZZZ1717,Bioglucanase TX 1 kg, BZZZ1717 
5BRW,5BZZZZZ1718,Bioglucanase TX 4 kg, BZZZ1718 
5BRW,5BZZZZZ1719,Bioglucanase GB 4 kg, BZZZ1719 
5BRW,5BZZZZZ1720,Hitempase 2XL 1 kg, BZZZ1720 
5BRW,5BZZZZZ1721,Hitempase 2XL  25kg drum, BZZZ1721 
5BRW,5BZZZZZ1722,Hitempase 2XL  1 L ~D, BZZZ1722 
5BRW,5BZZZZZ1723,Ampersul- 50 Lb, BZZZ1723 
5BRW,5BZZZZZ1731,Bioamylase Pul 10 Lb, BZZZ1731 
5BRW,5BZZZZZ1732,Bioamylase Pul 25kg, BZZZ1732 
5BRW,5BZZZZZ1733,Profix 100L 25kg, BZZZ1733 
5BRW,5BZZZZZ1736,Promalt 295TR 25 kg, BZZZ1736 
5BRW,5BZZZZZ1737,Brewers Clarex 5 kg, BZZZ1737 
5BRW,5BZZZZZ1738,Brewers Clarex 20 kg, BZZZ1738 
5BRW,5BZZZZZ1739,Brewers Clarex 1 kg, BZZZ1739 
5BRW,5BZZZZZ1745,Fungal alpha-amylase 1 kg, BZZZ1745 
5BRW,5BZZZZZ1746,DSM Mycolase 20 kg, BZZZ1746 
5BRW,5BZZZZZ1755,Pectic Enzyme Liquid 500ml, BZZZ1755 
5BRW,5BZZZZZ1801,Chill-Garde 50 Lb, BZZZ1801 
5BRW,5BZZZZZ1802,Chill-Garde FG8   50 Lb, BZZZ1802 
5BRW,5BZZZZZ1806,Britesorb XLC 44 Lb, BZZZ1806 
5BRW,5BZZZZZ1807,Britesorb D300 40 Lb, BZZZ1807 
5BRW,5BZZZZZ1811,Britesorb TR 20kg ~D, BZZZ1811 
5BRW,5BZZZZZ1812,Britesorb A100 50 Lb, BZZZ1812 
5BRW,5BZZZZZ1821,Synstar Op5 7 Lb 50-50, BZZZ1821 
5BRW,5BZZZZZ1822,Synstar Op5 25 Lb 50-50, BZZZ1822 
5BRW,5BZZZZZ1826,Synstar Op3 7 Lb 70-30, BZZZ1826 
5BRW,5BZZZZZ1827,Synstar Op3 25 Lb 70-30, BZZZ1827 
5BRW,5BZZZZZ1831,Divergan F PVPP 1 Lb, BZZZ1831 
5BRW,5BZZZZZ1832,Divergan F PVPP 5 Lb ~D, BZZZ1832 
5BRW,5BZZZZZ1833,Divergan F PVPP 30 kg, BZZZ1833 
5BRW,5BZZZZZ1835,Divergan F PVPP 20kg, BZZZ1835 
5BRW,5BZZZZZ1836,Divergan RS PVPP 25 kg~S, BZZZ1836 
5YST,5BZZZZZ1901,Yeastex 61  5 Lb, BZZZ1901 
5YST,5BZZZZZ1902,Yeastex 61  35 Lb, BZZZ1902 
5YST,5BZZZZZ1911,Yeastex 82  5 Lb, BZZZ1911 
5YST,5BZZZZZ1912,Yeastex 82  88.2 Lb, BZZZ1912 
5BRW,5BZZZZZ1913,PolyClar 10 (PVPP) 20 kg, BZZZ1913 
5BRW,5BZZZZZ1921,Zinc Sulfate Heptahydrate 25kg, BZZZ1921 
5YST,5BZZZZZ1922,Zinc Sulfate Heptahydrate 250g, BZZZ1922 
5YST,5BZZZZZ1940,SafSpirit USW-6 10 kg, BZZZ1940 
5YST,5BZZZZZ1971,Fermentis SafAle K-97 500Gr, BZZZ1971 
5YST,5BZZZZZ1972,Fermentis SafAle S-04 500Gr, BZZZ1972 
5YST,5BZZZZZ1973,Fermentis SafAle US-05 500Gr, BZZZ1973 
5YST,5BZZZZZ1974,Fermentis SafBrew S-33 500Gr, BZZZ1974 
5YST,5BZZZZZ1975,Fermentis SafBrew T-58 500Gr, BZZZ1975 
5YST,5BZZZZZ1976,Fermentis SafBrew WB-06 500Gr, BZZZ1976 
5YST,5BZZZZZ1977,SafBrew BE-256 Yst 500g Abbaye, BZZZ1977 
5YST,5BZZZZZ1978,Fermentis Safbrew F-2 500 Gr, BZZZ1978 
5YST,5BZZZZZ1979,Fermentis Safbrew F-2 20 Gram, BZZZ1979 
5YST,5BZZZZZ1981,Fermentis SafLager S-23 500Gr, BZZZ1981 
5YST,5BZZZZZ1982,Fermentis SafLager S-189 500Gr, BZZZ1982 
5YST,5BZZZZZ1983,Fermentis SafLagerW-34/70 500G, BZZZ1983 
5YST,5BZZZZZ1984,Fermentis SafAle BE-134 500Gr, BZZZ1984 
5YST,5BZZZZZ1987,Fermentis SafCider 500G, BZZZ1987 
5YST,5BZZZZZ1988,Fermentis SafTeq Blue 500G, BZZZ1988 
5YST,5BZZZZZ1989,SafSpirit M-1 10 kg~S, BZZZ1989 
5YST,5BZZZZZ1992,Fermentis SafAle S-04 10 Kg, BZZZ1992 
5YST,5BZZZZZ1993,Fermentis SafAle US-05 10 Kg, BZZZ1993 
5YST,5BZZZZZ1996,Fermentis SafBrew WB-06 10 Kg, BZZZ1996 
5YST,5BZZZZZ1997,Fermentis SafLageW-34/70 10 Kg, BZZZ1997 
5YST,5BZZZZZ1998,Fermentis SafAle HA-18 500Gr, BZZZ1998 
5YST,5BZZZZZ1999,SafSpirit C-70 10 kg, BZZZ1999 
5BRW,5BZZZZZ2101,PBW 50 Lb, BZZZ2101 
5BRW,5BZZZZZ2110,Star San 16 oz, BZZZ2110 
5BRW,5BZZZZZ2111,Star San 32oz, BZZZ2111 
5BRW,5BZZZZZ2112,Star San 16 oz case of 12, BZZZ2112 
5BRW,5BZZZZZ2113,Star San 32oz case of 10, BZZZ2113 
5BRW,5BZZZZZ2114,Sani-Clean 16oz case/12 (HAZ), BZZZ2114 
5BRW,5BZZZZZ2115,Sani-Clean 32oz case/10 (HAZ), BZZZ2115 
5BRW,5BZZZZZ2116,Sani-Clean Gallon case/4 (HAZ), BZZZ2116 
5BRW,5BZZZZZ2117,Acid #5 (HAZ) 1 gal /cs 4, BZZZ2117 
5BRW,5BZZZZZ2201,PH 5.2 Mash Stabilizer1#, BZZZ2201 
5BRW,5BZZZZZ2202,PH 5.2 Mash Stabilizer 7#, BZZZ2202 
5BRW,5BZZZZZ2203,PH 5.2 Mash Stabilizer 40#, BZZZ2203 
5BRW,5BZZZZZ3101,Glycerine 99% Pure 1 gal, BZZZ3101 
5BRW,5BZZZZZ3102,Sodium Erythorbate 8 Lb, BZZZ3102 
5BRW,5BZZZZZ3103,Sodium Erythrbt Antxidant 25kg, BZZZ3103 
5BRW,5BZZZZZ3201,Brewers Crystals 1 Lb, BZZZ3201 
5BRW,5BZZZZZ4105,AYF Lallemand 5 Lb, BZZZ4105 
5BRW,5BZZZZZ4106,AYF Lallemand 55 Lb, BZZZ4106 
5YST,5BZZZZZ8148,Alcotec 48 Turbo Yeast 10 kg, BZZZ8148 
5YST,5CZZZZ1011A,Ciderferm 25 kg NS, CZZ1011A 
5YST,5CZZZZ1012A,Ciderferm 5 kg NS, CZZ1012A 
5YST,5CZZZZ1013A,Ciderferm 1 kg NS, CZZ1013A 
5CID,5CZZZZZ1001,Select CiderBase(TM) 275 Gal, CZZZ1001 
5CID,5CZZZZZ1002,Select CiderBase(TM) 50 Gal, CZZZ1002 
5CID,5CZZZZZ1003,Select CiderBase(TM) 5 Gal, CZZZ1003 
5DST,5DZZZZZ1001,"Agave Syrup 1A, 1350 kg Tote", DZZZ1001 
5DST,5DZZZZZ1002,"Agave Syrup 1A, 285 kg Drum", DZZZ1002 
5DST,5DZZZZZ1003,"Agave Syrup 1A, 25 kg Canister", DZZZ1003 
5DST,5DZZZZZ1004,Panela 25kg Bag, DZZZ1004 
5YST,5DZZZZZ1101,Pinnacle M 500 g, DZZZ1101 
5YST,5DZZZZZ1102,Pinnacle M 10 kg, DZZZ1102 
5YST,5DZZZZZ1103,Pinnacle G 500 g, DZZZ1103 
5YST,5DZZZZZ1104,Pinnacle G 10 kg, DZZZ1104 
5YST,5DZZZZZ1105,Pinnacle S 500 g, DZZZ1105 
5YST,5DZZZZZ1106,Pinnacle S 10 kg, DZZZ1106 
5YST,5DZZZZZ1107,Pinnacle MG 500 g, DZZZ1107 
5YST,5DZZZZZ1108,Pinnacle MG 10 kg, DZZZ1108 
5EQU,5EHBKTACQU1,Kissing Tree Acquamark 45x24mm, EKTACQU1 
5EQU,5EHBZ6852RS,Repl Syringe F/Acid Test Kit, EZ6852RS 
5EQU,5EHBZSHB244,SimplyHB 906244 Neuto44x24mm~s, EZSHB244 
5EQU,5EHBZSHB245,SimplyHB 906245 Neuto44x24mm~s, EZSHB245 
5EQU,5EHBZZ5210D,6.5 Gl Printed Bucket Drilled, EZZ5210D 
5EQU,5EHBZZ5221D,Print Bucket Only Drilled 7.8., EZZ5221D 
5EQU,5EHBZZ5602Z,Flexible Tubing 5/16 in ID 5FT, EZZ5602Z 
5EQU,5EHBZZ5605K,Flexible Tubing 7/16 in ID 5FT, EZZ5605K 
5EQU,5EHBZZ5607Z,Flexible Tubing 1/2in ID 100FT, EZZ5607Z 
5EQU,5EHBZZ5609Z,Flexible Tubing 1in ID 50 FT, EZZ5609Z 
5EQU,5EHBZZ5816Z,28Mm Tamper Evident Caps Bulk, EZZ5816Z 
5EQU,5EHBZZ6010K,55 Ct Plain Gold Crowns F/Kits, EZZ6010K 
5EQU,5EHBZZ6013A,Plain Silver Crowns 1 Gross, EZZ6013A 
5EQU,5EHBZZ6015A,Plain Gold Crown Caps 1 Gross, EZZ6015A 
5EQU,5EHBZZ6017A,29Mm Gold Crowns Bag Of 100, EZZ6017A 
5EQU,5EHBZZ6020A,Oxy Absorb SilverCrowns 144cnt, EZZ6020A 
5EQU,5EHBZZ6026Z,Ez Cap Gaskets Bulk Each, EZZ6026Z 
5EQU,5EHBZZ6032A,Top Piece - Growler FlipTop, EZZ6032A 
5EQU,5EHBZZ6032B,Bottom Piece - Growler FlipTop, EZZ6032B 
5EQU,5EHBZZ6032C,Clip Piece - Growler FlipTop, EZZ6032C 
5EQU,5EHBZZ6032D,CeramicPiece - Growler FlipTop, EZZ6032D 
5EQU,5EHBZZ6032E,Gasket Piece - Growler FlipTop, EZZ6032E 
5EQU,5EHBZZ6032K,Kit use only Growler Flip Top, EZZ6032K 
5EQU,5EHBZZ6050A,Oxy Absorb Black Crowns 144cnt, EZZ6050A 
5EQU,5EHBZZ6051A,Oxy Absorb Green Crowns 144cnt, EZZ6051A 
5EQU,5EHBZZ6052A,Oxy Absorb OrangeCrowns 144cnt, EZZ6052A 
5EQU,5EHBZZ6053A,Oxy Absorb Red Crowns 144cnt, EZZ6053A 
5EQU,5EHBZZ6054A,Oxy Absorb White Crowns 144cnt, EZZ6054A 
5EQU,5EHBZZ6055A,Oxy Absorb YellowCrowns 144cnt, EZZ6055A 
5EQU,5EHBZZ6056A,Oxy Absorb Blue Crowns 144cnt, EZZ6056A 
5EQU,5EHBZZ6140K,32Mm Bell Housing F/Colonna, EZZ6140K 
5EQU,5EHBZZ6200A,Neutrocork 38x21 mm 30 count, EZZ6200A 
5EQU,5EHBZZ6200B,Neutrocork 38x21 mm 100 count, EZZ6200B 
5EQU,5EHBZZ6200C,Neutrocork 38x21 mm 1000 count, EZZ6200C 
5EQU,5EHBZZ6202A,Neutrocork 38x22 mm 30 count, EZZ6202A 
5EQU,5EHBZZ6202B,Neutrocork 38x22 mm 100 count, EZZ6202B 
5EQU,5EHBZZ6202C,Neutrocork 38x22 mm 1000 count, EZZ6202C 
5EQU,5EHBZZ6204A,Neutrocork 38x23 mm 30 count, EZZ6204A 
5EQU,5EHBZZ6204B,Neutrocork 38x23 mm 100 count, EZZ6204B 
5EQU,5EHBZZ6204C,Neutrocork 38x23 mm 1000 count, EZZ6204C 
5EQU,5EHBZZ6206A,Neutrocork 44x23 mm 30 count, EZZ6206A 
5EQU,5EHBZZ6206B,Neutrocork 44x23 mm 100 count, EZZ6206B 
5EQU,5EHBZZ6206C,Neutrocork 44x23 mm 1000 count, EZZ6206C 
5EQU,5EHBZZ6207A,Twin Top 44x23.5mm 30 count, EZZ6207A 
5EQU,5EHBZZ6207B,Twin Top 44x23.5mm 100 count, EZZ6207B 
5EQU,5EHBZZ6207C,Twin Top 44x23.5mm 1000 count, EZZ6207C 
5EQU,5EHBZZ6212A,Nomacorc 44x22mm 30 Count, EZZ6212A 
5EQU,5EHBZZ6212B,Nomacorc 44x22mm 100 Count, EZZ6212B 
5EQU,5EHBZZ6212C,Nomacorc 44x22mm 1000 Count, EZZ6212C 
5EQU,5EHBZZ6213A,Beer Cork 44x25.5 mm 30 count, EZZ6213A 
5EQU,5EHBZZ6213B,Beer Cork 44x25.5 mm 100 count, EZZ6213B 
5EQU,5EHBZZ6215C,Diam2 Cork 44x24.5mm 1000cnt~S, EZZ6215C 
5EQU,5EHBZZ6217A,Acquamark Cork 45x24mm 30 cnt, EZZ6217A 
5EQU,5EHBZZ6217B,Acquamark Cork 45x24mm 100 cnt, EZZ6217B 
5EQU,5EHBZZ6217C,Acquamark Cork 45x24mm 1000cnt, EZZ6217C 
5EQU,5EHBZZ6339Z,Bulk-Plastic Re-Usable Stopper, EZZ6339Z 
5EQU,5EHBZZ6340Z,Diam Altop Tasting Cork Bulk, EZZ6340Z 
5EQU,5EHBZZ6450Z,Plastic Champagne Stopper cs, EZZ6450Z 
5EQU,5EHBZZ6456Z,Mini Gold Cap Wirehoods / Each, EZZ6456Z 
5EQU,5EHBZZ6462Z,38Mm Polyseal Caps BlkCAR=1600, EZZ6462Z 
5EQU,5EHBZZ6466Z,38mm White Metal Screw Cap Blk, EZZ6466Z 
5EQU,5EHBZZ6501A,T-Top Corks 5-ct ~S, EZZ6501A 
5EQU,5EHBZZ6599A,PVC Cap Solid Blackmatte 100Pk, EZZ6599A 
5EQU,5EHBZZ6599B,PVC Cap Solid Black Mat. 500Bg, EZZ6599B 
5EQU,5EHBZZ6600A,PVC Cap Solid Burg-Matte 100Pk, EZZ6600A 
5EQU,5EHBZZ6600B,PVC Cap Solid Burg-Matte 500Bg, EZZ6600B 
5EQU,5EHBZZ6601A,PVC Cap Solid Burg-Shiny 100Pk, EZZ6601A 
5EQU,5EHBZZ6601B,PVC Cap Solid Burg Shiny 500Pk, EZZ6601B 
5EQU,5EHBZZ6602A,PVC Cap Solid Green Mat. 100Pk, EZZ6602A 
5EQU,5EHBZZ6602B,PVC Solid Green Matte 500Bg, EZZ6602B 
5EQU,5EHBZZ6603A,PVC Cap Solid Holidayred 100Pk, EZZ6603A 
5EQU,5EHBZZ6603B,PVC Cap Holiday Red 500 Bg, EZZ6603B 
5EQU,5EHBZZ6604A,PVC Cap Solid Silver 100Pk, EZZ6604A 
5EQU,5EHBZZ6604B,PVC Cap Solid Silver 500 Bg, EZZ6604B 
5EQU,5EHBZZ6605A,PVC Cap Black/Silver 100 Pk, EZZ6605A 
5EQU,5EHBZZ6605B,PVC Black/Silver Strip 500Bg, EZZ6605B 
5EQU,5EHBZZ6606A,PVC Cap Solid Gold-Shiny 100Pk, EZZ6606A 
5EQU,5EHBZZ6606B,PVC Cap Solid Gold-Shiny 500Bg, EZZ6606B 
5EQU,5EHBZZ6607A,PVC Cap Sol. White-Shiny 100Pk, EZZ6607A 
5EQU,5EHBZZ6607B,PVC Cap Sol.White Shiny 500 Bg, EZZ6607B 
5EQU,5EHBZZ6615Z,Champagne Foils Gold Bulk/Cs, EZZ6615Z 
5EQU,5EHBZZ6618A,PVC Capsules Burg/Gold 100 Pk, EZZ6618A 
5EQU,5EHBZZ6618B,PVC Cap Maroon/Gold Grape 500B, EZZ6618B 
5EQU,5EHBZZ6619A,PVC Caps Black/Gold Grape100Pk, EZZ6619A 
5EQU,5EHBZZ6619B,PVC Cap Black/Gold Grape 500Bg, EZZ6619B 
5EQU,5EHBZZ6626A,PVC Capsule Blue/Gold 100 Pk, EZZ6626A 
5EQU,5EHBZZ6626B,PVC Cap Blue/Gold Grapes 500Bg, EZZ6626B 
5EQU,5EHBZZ6637A,PVC Cap Solid Purple 100 Pk, EZZ6637A 
5EQU,5EHBZZ6637B,PVC Cap Solid Purple 500 Bg, EZZ6637B 
5EQU,5EHBZZ6670J,Bv Minijet Head Inner Parts, EZZ6670J 
5EQU,5EHBZZ6677B,Bx/200 #1 Coarse Pds/SupeRJet, EZZ6677B 
5EQU,5EHBZZ6678B,Bx/200 #2 Polish/F/SupeRJet, EZZ6678B 
5EQU,5EHBZZ6679B,Bx/200 #3 Sterile/F/SupeRJet, EZZ6679B 
5EQU,5EHBZZ6680B,End Plate Grey Pipes F/6680~D, EZZ6680B 
5EQU,5EHBZZ6680C,End Plate Flat for #6680~D, EZZ6680C 
5EQU,5EHBZZ6688B,Bx/200 #2 Fltr SprJet NoHole~S, EZZ6688B 
5EQU,5EHBZZ6689B,Bx/200 #3 Fltr SprJet NoHole~S, EZZ6689B 
5EQU,5EHBZZ6792A,Adapter for SS Bottle Washer, EZZ6792A 
5EQU,5EHBZZ6855E,Sodium Hydroxide Sol N/10  20L, EZZ6855E 
5EQU,5EHBZZ7000A,B-Brite 8 OZ  In Tub, EZZ7000A 
5EQU,5EHBZZ7000B,B-Brite 5 Lb, EZZ7000B 
5EQU,5EHBZZ7000C,B-Brite Pail 40 Lb, EZZ7000C 
5EQU,5EHBZZ7000Z,B-Brite Oa Chemcial Only 8 Oz, EZZ7000Z 
5EQU,5EHBZZ7010A,BTF® Iodophor Sanitizer 4 Oz, EZZ7010A 
5EQU,5EHBZZ7010B,BTF® Iodophor Sanitizer 32 Oz, EZZ7010B 
5EQU,5EHBZZ7010C,BTF® Iodophor Sanitizer 16 Oz, EZZ7010C 
5EQU,5EHBZZ7020A,BLC Bev System Cleaner 4 Oz, EZZ7020A 
5EQU,5EHBZZ7020B,BLC Bev System Cleaner 32 Oz, EZZ7020B 
5EQU,5EHBZZ7030B,C-Brite Cleanser 1 Lb~D, EZZ7030B 
5EQU,5EHBZZ7030K,C-Brite Pk Of 8 /Kits 0.8 Oz~S, EZZ7030K 
5EQU,5EHBZZ7040A,Campden Tablets 2 Oz (110 Ct), EZZ7040A 
5EQU,5EHBZZ7040B,Campden Tablets 1 Lb, EZZ7040B 
5EQU,5EHBZZ7040C,Campden Tablets 5 Lb~D, EZZ7040C 
5EQU,5EHBZZ7040Z,Bulk Campden Tablets Per M, EZZ7040Z 
5EQU,5EHBZZ7050A,Potassium Metabisulfite 4 Oz, EZZ7050A 
5EQU,5EHBZZ7070A,Soda Ash 5 Lb, EZZ7070A 
5EQU,5EHBZZ7078A,Five Star Pbw 2 Oz Pack, EZZ7078A 
5EQU,5EHBZZ7078B,Five Star Pbw 1 Lb Jar, EZZ7078B 
5EQU,5EHBZZ7078C,Five Star Pbw 4 Lb Jar, EZZ7078C 
5EQU,5EHBZZ7078D,Five Star Pbw 8 Lb Jar, EZZ7078D 
5EQU,5EHBZZ7081A,Five Star Starsan 8 Oz Cs/12, EZZ7081A 
5EQU,5EHBZZ9925A,Btf Iodophor Iodine 1 Gal, EZZ9925A 
5EQU,5EHBZZX5021,Acid #6 (HAZ) 1 gal/ cs 4, EZZX5021 
5EQU,5EHBZZX5042,Glycol- 5 Gallon Pail, EZZX5042 
5EQU,5EHBZZX5063,IO Star 1 gal/ cs 4, EZZX5063 
5EQU,5EHBZZX5121,Phosphor Acid (HAZ) 1gal/cs4, EZZZ5121 
5EQU,5EHBZZX5153,Star-Xene 5 Gallon Pail, EZZX5153 
5EQU,5EHBZZX5160,Star-San 25 X 4 Oz Case, EZZX5160 
5EQU,5EHBZZX5165,Star San (HAZ) 1 gal/ 4 cs, EZZX5165 
5EQU,5EHBZZX5171,Pail Star Super Cip Haz 50Lb, EZZX5171 
5EQU,5EHBZZZ5000,Double Bubble Airlock, EZZZ5000 
5EQU,5EHBZZZ5010,Three-Piece Airlock, EZZZ5010 
5EQU,5EHBZZZ5011,TB Three-Piece Airlock, EZZZ5011 
5EQU,5EHBZZZ5012,TrueBrew(TM) Airlock - 3 ct, EZZZ5012 
5EQU,5EHBZZZ5030,Sparging Bag For 6.5 Gal, EZZZ5030 
5EQU,5EHBZZZ5032,Sparging Bag For 7.8 Gal, EZZZ5032 
5EQU,5EHBZZZ5034,Sparging Bag with Drawstring, EZZZ5034 
5EQU,5EHBZZZ5036,Bucket Filter, EZZZ5036 
5EQU,5EHBZZZ5050,Fine Straining Bag 12x19 in, EZZZ5050 
5EQU,5EHBZZZ5052,Coarse Straining Bag 12 x19 in, EZZZ5052 
5EQU,5EHBZZZ5053,Coarse Draw String 16x26in~D, EZZZ5053 
5EQU,5EHBZZZ5054,Fine Straining Bag 18 ¾ x19 in, EZZZ5054 
5EQU,5EHBZZZ5056,Coarse Straining Bag 20x22 in, EZZZ5056 
5EQU,5EHBZZZ5057,Coarse Straining Bag 2' x 3', EZZZ5057 
5EQU,5EHBZZZ5058,Coarse Bag w/ Elastic 18½x20in, EZZZ5058 
5EQU,5EHBZZZ5059,Coarse Drawstring Bag 8x18in~D, EZZZ5059 
5EQU,5EHBZZZ5060,Muslin Hop Bag 5x15 in, EZZZ5060 
5EQU,5EHBZZZ5062,Nylon Hop Bag 8x9 ¼ in, EZZZ5062 
5EQU,5EHBZZZ5063,Nylon Hop Bag 2x36 in-D, EZZZ5063 
5EQU,5EHBZZZ5064,Nylon Hop Bag 1' x 3', EZZZ5064 
5EQU,5EHBZZZ5100,#2 Drilled Rubber Stopper, EZZZ5100 
5EQU,5EHBZZZ5102,#3 Drilled Rubber Stopper, EZZZ5102 
5EQU,5EHBZZZ5104,#5 1/2 Drilled Rubber Stopper, EZZZ5104 
5EQU,5EHBZZZ5106,#6 Drilled Rubber Stopper, EZZZ5106 
5EQU,5EHBZZZ5108,#6 1/2 Drilled Rubber Stopper, EZZZ5108 
5EQU,5EHBZZZ5109,Drilled Rubber Stopr #6.5 3 ct, EZZZ5109 
5EQU,5EHBZZZ5110,#7 Drilled Rubber Stopper, EZZZ5110 
5EQU,5EHBZZZ5111,Drilled Rubber Stopper #7 3 ct, EZZZ5111 
5EQU,5EHBZZZ5112,#7 1/2 Drilled Rubber Stopper, EZZZ5112 
5EQU,5EHBZZZ5114,#8 Drilled Rubber Stopper, EZZZ5114 
5EQU,5EHBZZZ5116,#8 1/2 Drilled Rubber Stopper, EZZZ5116 
5EQU,5EHBZZZ5117,#9 Drilled Rubber Stopper, EZZZ5117 
5EQU,5EHBZZZ5118,#9 1/2 Drilled Rubber Stopper, EZZZ5118 
5EQU,5EHBZZZ5119,#10 Drilled Rubber Stopper, EZZZ5119 
5EQU,5EHBZZZ5120,#10 1/2 Drilled Rubber Stopper, EZZZ5120 
5EQU,5EHBZZZ5122,#11 Drilled Rubber Stopper, EZZZ5122 
5EQU,5EHBZZZ5124,#11 1/2 Drilled Rubber Stopper, EZZZ5124 
5EQU,5EHBZZZ5125,#12 Drilled Rubber Stopper~D, EZZZ5125 
5EQU,5EHBZZZ5131,#000 Solid Rubber Stopper, EZZZ5131 
5EQU,5EHBZZZ5133,#3 Solid Rubber Stopper, EZZZ5133 
5EQU,5EHBZZZ5135,#5 1/2 Solid Rubber Stopper~D, EZZZ5135 
5EQU,5EHBZZZ5137,#6 Solid Rubber Stopper, EZZZ5137 
5EQU,5EHBZZZ5139,#6 1/2 Solid Rubber Stopper, EZZZ5139 
5EQU,5EHBZZZ5141,#7 Solid Rubber Stopper, EZZZ5141 
5EQU,5EHBZZZ5143,#8 1/2 Solid Rubber Stopper, EZZZ5143 
5EQU,5EHBZZZ5145,#9 1/2 Solid Rubber Stopper~D, EZZZ5145 
5EQU,5EHBZZZ5146,#10 Solid Rubber Stopper, EZZZ5146 
5EQU,5EHBZZZ5147,#10 1/2 Solid Rubber Stopper~D, EZZZ5147 
5EQU,5EHBZZZ5149,#11 Solid Rubber Stopper, EZZZ5149 
5EQU,5EHBZZZ5151,#11 1/2 Solid Rubber Stopper~D, EZZZ5151 
5EQU,5EHBZZZ5162,Small Drilled Stopper B.V., EZZZ5162 
5EQU,5EHBZZZ5163,Medium Drilled Stopper B.V., EZZZ5163 
5EQU,5EHBZZZ5164,Large Drilled Stopper B.V., EZZZ5164 
5EQU,5EHBZZZ5165,Intermediate Drilled Stopper, EZZZ5165 
5EQU,5EHBZZZ5166,Small Solid Stopper B.V., EZZZ5166 
5EQU,5EHBZZZ5167,Medium Solid Stopper B.V.~D, EZZZ5167 
5EQU,5EHBZZZ5168,Large Solid Stopper B.V.~D, EZZZ5168 
5EQU,5EHBZZZ5169,Intermediate Solid Stopper~D, EZZZ5169 
5EQU,5EHBZZZ5170,Victoria Grain Mill, EZZZ5170 
5EQU,5EHBZZZ5172,Twin Roller Grain Mill, EZZZ5172 
5EQU,5EHBZZZ5180,18 in Plastic Spoon, EZZZ5180 
5EQU,5EHBZZZ5181,24 in Plastic Spoon, EZZZ5181 
5EQU,5EHBZZZ5182,28 in Plastic Spoon, EZZZ5182 
5EQU,5EHBZZZ5190,18 in Plastic Paddle, EZZZ5190 
5EQU,5EHBZZZ5191,24 in Plastic Paddle, EZZZ5191 
5EQU,5EHBZZZ5192,28 in Plastic Paddle, EZZZ5192 
5EQU,5EHBZZZ5193,Stainless Stl Paddl 36in Solid, EZZZ5193 
5EQU,5EHBZZZ5194,Stainless Spoon 24 in Solid, EZZZ5194 
5EQU,5EHBZZZ5205,2 Gallon Bucket Solid No Lid, EZZZ5205 
5EQU,5EHBZZZ5206,Solid Lid Only For 2 Gal. Bkt, EZZZ5206 
5EQU,5EHBZZZ5207,D/G Lid Only For 2 Gal Bkt, EZZZ5207 
5EQU,5EHBZZZ5212,6.5 Gal Bucket Only / No Lid!!, EZZZ5212 
5EQU,5EHBZZZ5213,Solid Lid Only For 6.5 Gal Bkt, EZZZ5213 
5EQU,5EHBZZZ5214,D/G Lid Only For 6.5 Gal Bkt, EZZZ5214 
5EQU,5EHBZZZ5221,7.8 Gl Print Bucket No Lid!!, EZZZ5221 
5EQU,5EHBZZZ5222,Solid Lid Only For 7.8 Gal Bkt, EZZZ5222 
5EQU,5EHBZZZ5223,D/G Lid Only For 7.8 Gal Bkt, EZZZ5223 
5EQU,5EHBZZZ5226,Lid Only For 12 Gal Pail~D, EZZZ5226 
5EQU,5EHBZZZ5227,24 Gallon Bucket Only(92Ltr)~D, EZZZ5227 
5EQU,5EHBZZZ5230,Monster Brew 7.8G Solid Bucket, EZZZ5230 
5EQU,5EHBZZZ5231,Monster Brew 7.8G Bkt Drilled, EZZZ5231 
5EQU,5EHBZZZ5232,Monster Brew 7.8G Solid Lid, EZZZ5232 
5EQU,5EHBZZZ5233,Monster Brew 7.8G Drilled Lid, EZZZ5233 
5EQU,5EHBZZZ5240,16.5 Gallon Bucket Only, EZZZ5240 
5EQU,5EHBZZZ5241,16.5 Gallon Lid & Ring Only, EZZZ5241 
5EQU,5EHBZZZ5244,Carbonsnake System, EZZZ5244 
5EQU,5EHBZZZ5245,Gac (Activated Carbon) 500 Gr, EZZZ5245 
5EQU,5EHBZZZ5250,Grommets Large F/3Pc Airlck, EZZZ5250 
5EQU,5EHBZZZ5251,Grommets Small for #5000, EZZZ5251 
5EQU,5EHBZZZ5255,Fermenting Bag 24 x 24 x 48 ~D, EZZZ5255 
5EQU,5EHBZZZ5257,Pail Opener White Or Black, EZZZ5257 
5EQU,5EHBZZZ5261,Clean Bottle Express Degasser, EZZZ5261 
5EQU,5EHBZZZ5262,Fizz-X Agitator Rod, EZZZ5262 
5EQU,5EHBZZZ5263,22 in Stainless Degassing Rod, EZZZ5263 
5EQU,5EHBZZZ5264,24 in Plastic Mixer/Degasser~D, EZZZ5264 
5EQU,5EHBZZZ5265,The Whip By Fermtech, EZZZ5265 
5EQU,5EHBZZZ5266,One Gallon Clear Jugs-Case 4, EZZZ5266 
5EQU,5EHBZZZ5271,Italian 3 Gallon Glass Carboy, EZZZ5271 
5EQU,5EHBZZZ5275,Standard 3 Gallon Glass Carboy, EZZZ5275 
5EQU,5EHBZZZ5281,Italian 5 Gallon Glass Carboy, EZZZ5281 
5EQU,5EHBZZZ5285,Standard 5 Gallon Glass Carboy, EZZZ5285 
5EQU,5EHBZZZ5291,Italian 6 Gallon Glass Carboy, EZZZ5291 
5EQU,5EHBZZZ5295,Standard 6 Gallon Glass Carboy, EZZZ5295 
5EQU,5EHBZZZ5296,Italian 6.5 Gallon GlassCarboy, EZZZ5296 
5EQU,5EHBZZZ5299,Standard 6.5 Gal Glass Carboy, EZZZ5299 
5EQU,5EHBZZZ5300,Carboy Handle Standard Size, EZZZ5300 
5EQU,5EHBZZZ5301,Carboy Handle Large Size, EZZZ5301 
5EQU,5EHBZZZ5305,50Mm Rubber Carboy Cap/1 Hole, EZZZ5305 
5EQU,5EHBZZZ5307,Carboy Carrier, EZZZ5307 
5EQU,5EHBZZZ5310,Universal Cap / Carboy Cap, EZZZ5310 
5EQU,5EHBZZZ5316,Carboy Dryer (Aqua Stakka), EZZZ5316 
5EQU,5EHBZZZ5325,Catalyst Fermentation System, EZZZ5325 
5EQU,5EHBZZZ5326,Lid/Gasket for Catalyst Ferm, EZZZ5326 
5EQU,5EHBZZZ5327,Gasket Only for Catalyst Ferm, EZZZ5327 
5EQU,5EHBZZZ5328,Jacket Cover for Catalyst Ferm, EZZZ5328 
5EQU,5EHBZZZ5330,FastFerment 7.9gal Conical Fer, EZZZ5330 
5EQU,5EHBZZZ5331,FastFerm 3/7.9GL SamplingPort, EZZZ5331 
5EQU,5EHBZZZ5332,FastFerm 7.9GL Collection Ball, EZZZ5332 
5EQU,5EHBZZZ5333,FastFerment 7.9GL Strap, EZZZ5333 
5EQU,5EHBZZZ5334,FastFerm 3.0/14GL Thermometer, EZZZ5334 
5EQU,5EHBZZZ5335,FastFerment 7.9GL Stand, EZZZ5335 
5EQU,5EHBZZZ5336,FastFerment 7.9GL Jacket, EZZZ5336 
5EQU,5EHBZZZ5337,FastFerment 7.9gal & FreeStand, EZZZ5337 
5EQU,5EHBZZZ5338,FastFerment 7.9gal & SixAccess, EZZZ5338 
5EQU,5EHBZZZ5339,FastFerment 3GL Conical Ferm, EZZZ5339 
5EQU,5EHBZZZ5340,Wort Chiller Delu Immersion ~d, EZZZ5340 
5EQU,5EHBZZZ5346,Brew Belt, EZZZ5346 
5EQU,5EHBZZZ5350,Keg King Dual Controller, EZZZ5350 
5EQU,5EHBZZZ5351,FastFerment 14gal Conical Ferm, EZZZ5351 
5EQU,5EHBZZZ5352,FastFerm 14GL Leg Extensions, EZZZ5352 
5EQU,5EHBZZZ5353,FastFerm 7.9/14GL SS HopFilter, EZZZ5353 
5EQU,5EHBZZZ5354,FastFerm 14GL Collection Ball, EZZZ5354 
5EQU,5EHBZZZ5356,Bayou Classic Banjo Cooker, EZZZ5356 
5EQU,5EHBZZZ5384,Heat-Rite BrewPot 24Qt W/Lid~D, EZZZ5384 
5EQU,5EHBZZZ5400,"TB 3/8 Dual Func BottleFiller""", EZZZ5400 
5EQU,5EHBZZZ5401,3/8in Dual FunctBottleFiller~D, EZZZ5401 
5EQU,5EHBZZZ5402,Springless Btl Filler 1/2in OD, EZZZ5402 
5EQU,5EHBZZZ5403,1/2in Dual Funct Bottle Filler, EZZZ5403 
5EQU,5EHBZZZ5409,Italian Auto Bottle Filler, EZZZ5409 
5EQU,5EHBZZZ5410,Springless Btle Filler 3/8inOD, EZZZ5410 
5EQU,5EHBZZZ5412,Buon Vino Auto Bttle Filler, EZZZ5412 
5EQU,5EHBZZZ5415,Enolmatic Electric Bot Filler, EZZZ5415 
5EQU,5EHBZZZ5420,4.5 in Funnel (no screen), EZZZ5420 
5EQU,5EHBZZZ5430,8 in Funnel With Screen, EZZZ5430 
5EQU,5EHBZZZ5431,4 in Fine Funnel Screen (#35), EZZZ5431 
5EQU,5EHBZZZ5432,10 in Funnel With Screen, EZZZ5432 
5EQU,5EHBZZZ5433,10in AntiSplash Funnelw/Screen, EZZZ5433 
5EQU,5EHBZZZ5440,12 in Funnel With Screen, EZZZ5440 
5EQU,5EHBZZZ5441,5.5 in Fine Funnel Screen, EZZZ5441 
5EQU,5EHBZZZ5458,True Brew Rack & Fill Kit, EZZZ5458 
5EQU,5EHBZZZ5462,"TB Racking Cane 18-3/8""""", EZZZ5462 
5EQU,5EHBZZZ5463,"TB Racking Cane 24-3/8""""", EZZZ5463 
5EQU,5EHBZZZ5464,"TB Racking Cane 30-3/8""""", EZZZ5464 
5EQU,5EHBZZZ5465,"TB Racking Cane 26-1/2""OD""", EZZZ5465 
5EQU,5EHBZZZ5466,3/8in Clamp For Auto Siphon, EZZZ5466 
5EQU,5EHBZZZ5468,1/2in Clamp For Auto Siphon, EZZZ5468 
5EQU,5EHBZZZ5470,Racking Tube Spring Clip~D, EZZZ5470 
5EQU,5EHBZZZ5472,Racking Tube Holder-Blue Plast, EZZZ5472 
5EQU,5EHBZZZ5475,Siphon Tube Holde-Cone-Small~D, EZZZ5475 
5EQU,5EHBZZZ5476,OD Auto Siphon 3/8 in, EZZZ5476 
5EQU,5EHBZZZ5477,OD Auto Siphon 1/2 in, EZZZ5477 
5EQU,5EHBZZZ5478,Mini Auto Siphon 3/8in (5478), EZZZ5478 
5EQU,5EHBZZZ5485,Vinpro Super Transfer Pump, EZZZ5485 
5EQU,5EHBZZZ5486,Vinpro Pre-Filter For Pump~D, EZZZ5486 
5EQU,5EHBZZZ5487,"TB Siphon Standard 3/8 OD""", EZZZ5487 
5EQU,5EHBZZZ5488,"TB Siphon Fast Flow 1/2 OD""", EZZZ5488 
5EQU,5EHBZZZ5489,"TB Siphon Mini 3/8 OD""", EZZZ5489 
5EQU,5EHBZZZ5490,TB 3/8 Dual Func Btl Filler ea, EZZZ5490 
5EQU,5EHBZZZ5491,"TB Racking Cane 18-3/8"" ea""", EZZZ5491 
5EQU,5EHBZZZ5492,"TB Racking Cane 24-3/8"" ea""", EZZZ5492 
5EQU,5EHBZZZ5493,"TB Racking Cane 30-3/8"" ea""", EZZZ5493 
5EQU,5EHBZZZ5494,"TB Racking Cane 26-1/2""OD ea""", EZZZ5494 
5EQU,5EHBZZZ5495,TB Bottling Spigot ea, EZZZ5495 
5EQU,5EHBZZZ5496,"NB Siphon Standard 3/8 OD ~S""", EZZZ5496 
5EQU,5EHBZZZ5500,Vintage Shop Bottling Spigot, EZZZ5500 
5EQU,5EHBZZZ5501,Italian Bottling Spigot, EZZZ5501 
5EQU,5EHBZZZ5502,Vintage Fast Flow Spigot, EZZZ5502 
5EQU,5EHBZZZ5503,TB Bottling Spigot, EZZZ5503 
5EQU,5EHBZZZ5520,Stainles Strainr 10 1/4in 5520, EZZZ5520 
5EQU,5EHBZZZ5550,VintageShop PET Solid 3 Carboy, EZZZ5550 
5EQU,5EHBZZZ5552,VintageShop PET Solid 5 Carboy, EZZZ5552 
5EQU,5EHBZZZ5554,VintageShop PET Solid 6 Carboy, EZZZ5554 
5EQU,5EHBZZZ5556,Fermonster 6 gal & Lid W/hole, EZZZ5556 
5EQU,5EHBZZZ5557,Fermonster 7 gal & Lid W/hole, EZZZ5557 
5EQU,5EHBZZZ5558,Fermonster Solid Lid Only, EZZZ5558 
5EQU,5EHBZZZ5559,Fermonster O-ring for Lid, EZZZ5559 
5EQU,5EHBZZZ5600,Flexible Tubing 1/4in ID 100FT, EZZZ5600 
5EQU,5EHBZZZ5602,FlexibleTubing 5/16in ID 100FT, EZZZ5602 
5EQU,5EHBZZZ5604,FlexibleTubing 3/8in ID 100 FT, EZZZ5604 
5EQU,5EHBZZZ5605,FlexibleTubing 7/16in ID 100FT, EZZZ5605 
5EQU,5EHBZZZ5620,Standard Size Tubing Clamp, EZZZ5620 
5EQU,5EHBZZZ5621,Extra Large Tubing Clamp, EZZZ5621 
5EQU,5EHBZZZ5630,Tubing Valve F/ 3/8 Id Tubing, EZZZ5630 
5EQU,5EHBZZZ5632,Tubing Valve F/ 1/4Id Tubing~D, EZZZ5632 
5EQU,5EHBZZZ5700,Stainless Steel Locknut 0.5in, EZZZ5700 
5EQU,5EHBZZZ5701,Stainless Steel Washer, EZZZ5701 
5EQU,5EHBZZZ5702,Silicone O-Ring, EZZZ5702 
5EQU,5EHBZZZ5703,Silicone Flat Gasket, EZZZ5703 
5EQU,5EHBZZZ5704,StainlessSteel Hex Nipple .5in, EZZZ5704 
5EQU,5EHBZZZ5705,Full Port Ball Valve 0.5in, EZZZ5705 
5EQU,5EHBZZZ5706,Reduced Port Ball Valve 0.5in, EZZZ5706 
5EQU,5EHBZZZ5707,NPT .5in to Barb .5in Adapter, EZZZ5707 
5EQU,5EHBZZZ5708,NPT .5 to Barb .375in Adapter, EZZZ5708 
5EQU,5EHBZZZ5709,NPT F 0.5 to F 0.5in Connector, EZZZ5709 
5EQU,5EHBZZZ5710,NPT Threaded Stem 0.5 x 2.5in, EZZZ5710 
5EQU,5EHBZZZ5711,Bazooka Screen w/ 0.5in MPT, EZZZ5711 
5EQU,5EHBZZZ5713,KettleThermometer & 2.5in Prob, EZZZ5713 
5EQU,5EHBZZZ5714,Weldless Kit for Therm. 5713, EZZZ5714 
5EQU,5EHBZZZ5715,Domed False Bottom 9in w/elbow, EZZZ5715 
5EQU,5EHBZZZ5716,Domed False Bottom 10in w/elbo, EZZZ5716 
5EQU,5EHBZZZ5717,Domed False Bottom 12in w/elbo, EZZZ5717 
5EQU,5EHBZZZ5718,Diffusion Stone 0.5 Micron, EZZZ5718 
5EQU,5EHBZZZ5719,Diffusion Stone 2.0 Micron, EZZZ5719 
5EQU,5EHBZZZ5720,Oxygen Regulator~D, EZZZ5720 
5EQU,5EHBZZZ5721,Oxygen Regulator Kit, EZZZ5721 
5EQU,5EHBZZZ5724,FGHT to Barb 0.5 in Adapter~D, EZZZ5724 
5EQU,5EHBZZZ5725,Kettle 20 QT w/Lid (No Holes), EZZZ5725 
5EQU,5EHBZZZ5726,Kettle 32 QT w/Lid (No Holes), EZZZ5726 
5EQU,5EHBZZZ5727,"Kettle 32 QT- Lid, Valve,Therm", EZZZ5727 
5EQU,5EHBZZZ5728,Ball Valve & Weldless Bulkhead, EZZZ5728 
5EQU,5EHBZZZ5729,Ball Valve & Female Bulkhead, EZZZ5729 
5EQU,5EHBZZZ5730,Bazooka Screen w/ Valve, EZZZ5730 
5EQU,5EHBZZZ5731,Ball Valve & Cooler Bulkhead, EZZZ5731 
5EQU,5EHBZZZ5802,375Ml Green Wine Btl 24/Cs, EZZZ5802 
5EQU,5EHBZZZ5803,375Ml Clear Wine Bottle 24/Cs, EZZZ5803 
5EQU,5EHBZZZ5804,750Ml Clear Wine Bottles 12/Cs, EZZZ5804 
5EQU,5EHBZZZ5805,750Ml Green Wine Bottle 12/Cs, EZZZ5805 
5EQU,5EHBZZZ5806,750Ml Blue Stretch Hock/ Cs12, EZZZ5806 
5EQU,5EHBZZZ5808,750Ml Champagne Bottle 12/Case, EZZZ5808 
5EQU,5EHBZZZ5815,500Ml Amber Pet Bottle/Cs 24, EZZZ5815 
5EQU,5EHBZZZ5816,28 Mm Tamper Evident Caps/ 25, EZZZ5816 
5EQU,5EHBZZZ5820,2 Liter Growler W/Metal Handle, EZZZ5820 
5EQU,5EHBZZZ5823,Gaskets Only For Growlers, EZZZ5823 
5EQU,5EHBZZZ5827,750mL Amber Champagne 26.5mm~D, EZZZ5827 
5EQU,5EHBZZZ5828,750Ml Bordeaux Cob.Blue 12/Cs, EZZZ5828 
5EQU,5EHBZZZ5833,16 Oz Amber Belgian Beer 12/Cs, EZZZ5833 
5EQU,5EHBZZZ5834,Bellissima 375ml Green 12/Case, EZZZ5834 
5EQU,5EHBZZZ5836,Bellissima 375ml Clear 12/Case, EZZZ5836 
5EQU,5EHBZZZ5837,750Ml Dark Green Burgundy 12Cs, EZZZ5837 
5EQU,5EHBZZZ5838,750Ml Transiti Bordeaux 12/C~D, EZZZ5838 
5EQU,5EHBZZZ5839,750Ml Screw Top Clear Bord 12C, EZZZ5839 
5EQU,5EHBZZZ5840,1.5 Liter Bordeaux Green 6/Cs, EZZZ5840 
5EQU,5EHBZZZ5842,750Ml Clear Burgundy Btl 12/Cs, EZZZ5842 
5EQU,5EHBZZZ5847,Frosted 375Ml StretchHock24C, EZZZ5847 
5EQU,5EHBZZZ5848,187 Ml Clear Champagne 24/Case, EZZZ5848 
5EQU,5EHBZZZ5850,375Ml Blue StretchHock 24/Cs, EZZZ5850 
5EQU,5EHBZZZ5854,Flask Pocket 8.5 Oz Cs/24, EZZZ5854 
5EQU,5EHBZZZ5855,Flask Large 17 Oz Cs/24, EZZZ5855 
5EQU,5EHBZZZ5856,375mL Blue Stretch Hock 12/~D, EZZZ5856 
5EQU,5EHBZZZ5857,Frosted 375mL Strech Hock 12/C, EZZZ5857 
5EQU,5EHBZZZ5860,500Ml Amber Ez Cap Bot / Cs12, EZZZ5860 
5EQU,5EHBZZZ5861,500Ml Blue Ez Cap Bot / Cs 12, EZZZ5861 
5EQU,5EHBZZZ5862,500Ml Clear Ez Cap Bot / 12 Cs, EZZZ5862 
5EQU,5EHBZZZ5864,1 Ltr Amber Ez Cap Bot/ 12 Cs, EZZZ5864 
5EQU,5EHBZZZ5865,1 Ltr Blue Ez Cap Bot / 12 Cs, EZZZ5865 
5EQU,5EHBZZZ5866,1 Ltr Clear Ez Cap Bot / 12 Cs, EZZZ5866 
5EQU,5EHBZZZ5902,"Drawtube Brush (1/4x3')""", EZZZ5902 
5EQU,5EHBZZZ5905,Beer Bottle Brush, EZZZ5905 
5EQU,5EHBZZZ5912,"Party Keg Brush (5L)L-Shaped""""", EZZZ5912 
5EQU,5EHBZZZ6026,Ez Cap Gaskets Bag Of 100, EZZZ6026 
5EQU,5EHBZZZ6032,Growler Flip Top With Hardware, EZZZ6032 
5EQU,5EHBZZZ6033,Ez Cap Top Complete, EZZZ6033 
5EQU,5EHBZZZ6039,FastRack Beer Bundle, EZZZ6039 
5EQU,5EHBZZZ6040,FastRack Beer Bottle Rack, EZZZ6040 
5EQU,5EHBZZZ6041,FastRack Beer Tray, EZZZ6041 
5EQU,5EHBZZZ6042,FastRack Wine Bottle Rack, EZZZ6042 
5EQU,5EHBZZZ6043,FastRack Wine Tray, EZZZ6043 
5EQU,5EHBZZZ6044,FastRack Wine Bundle, EZZZ6044 
5EQU,5EHBZZZ6100,Red Head (Emily) Twin Lvr Capr, EZZZ6100 
5EQU,5EHBZZZ6104,Gloria Twin Lever Capper, EZZZ6104 
5EQU,5EHBZZZ6105,Black Beauty Twin Lever Capper, EZZZ6105 
5EQU,5EHBZZZ6110,Brev Double Lever Capper, EZZZ6110 
5EQU,5EHBZZZ6140,Colonna Bench Capper, EZZZ6140 
5EQU,5EHBZZZ6150,Agata Bench Capper, EZZZ6150 
5EQU,5EHBZZZ6160,Super Agata Bench Capper, EZZZ6160 
5EQU,5EHBZZZ6170,Capper/Corker, EZZZ6170 
5EQU,5EHBZZZ6306,#8 Tapered Corks 100/Bg, EZZZ6306 
5EQU,5EHBZZZ6326,#28 Tapered Cork/ Each, EZZZ6326 
5EQU,5EHBZZZ6339,Plastic Reusable Stopper Bg/25, EZZZ6339 
5EQU,5EHBZZZ6340,Diam Tasting Cork 100 count, EZZZ6340 
5EQU,5EHBZZZ6405,Plunger Corker, EZZZ6405 
5EQU,5EHBZZZ6410,Gilda Three Lever Corker~D, EZZZ6410 
5EQU,5EHBZZZ6412,Portuguese Double Lever Corker, EZZZ6412 
5EQU,5EHBZZZ6432,Portuguese Floor Corker-Red, EZZZ6432 
5EQU,5EHBZZZ6435,Italian Floor Corker, EZZZ6435 
5EQU,5EHBZZZ6436,Champagne Floor Corker Italian, EZZZ6436 
5EQU,5EHBZZZ6438,Zeus ProfessionalFloorCorker~D, EZZZ6438 
5EQU,5EHBZZZ6450,Plastic Champagne Stop 100/Bg, EZZZ6450 
5EQU,5EHBZZZ6451,Champagne Wires 100/Bg, EZZZ6451 
5EQU,5EHBZZZ6452,Champagne Wire Fastener, EZZZ6452 
5EQU,5EHBZZZ6456,Mini Gold Cap Wirehoods/Bg 60, EZZZ6456 
5EQU,5EHBZZZ6458,Expansion Stopper - 3 pk, EZZZ6458 
5EQU,5EHBZZZ6459,Expansion Stopper - 6 pk, EZZZ6459 
5EQU,5EHBZZZ6460,Expansion Stopper - 12 pk, EZZZ6460 
5EQU,5EHBZZZ6461,"Polyseal Screw Cap, 38mm 12 ct", EZZZ6461 
5EQU,5EHBZZZ6462,38Mm Polyseal Caps/100, EZZZ6462 
5EQU,5EHBZZZ6463,28Mm Polyseal Caps / 100, EZZZ6463 
5EQU,5EHBZZZ6466,38Mm White Metal Screw Cap/100, EZZZ6466 
5EQU,5EHBZZZ6615,Champagne Foils Gold Per 100, EZZZ6615 
5EQU,5EHBZZZ6631,Horizontal Heat Shrink Machine, EZZZ6631 
5EQU,5EHBZZZ6661,Crystalbrite Filter Pads 5-pk, EZZZ6661 
5EQU,5EHBZZZ6670,Buon Vino Mini Jet Filter, EZZZ6670 
5EQU,5EHBZZZ6671,Bv Mini Fltr Pds #1 Coarse/Pk3, EZZZ6671 
5EQU,5EHBZZZ6672,Bv Mini Fltr Pds #2 Polish/Pk3, EZZZ6672 
5EQU,5EHBZZZ6673,Bv Mini Ftr Pds #3 Sp Strl/Pk3, EZZZ6673 
5EQU,5EHBZZZ6675,Pre-Screen Filter F/SupeRJet~D, EZZZ6675 
5EQU,5EHBZZZ6676,Buon Vino Super Jet Filter, EZZZ6676 
5EQU,5EHBZZZ6677,Bv Sup Fltr Pds #1 Coarse/Pk3, EZZZ6677 
5EQU,5EHBZZZ6678,Bv Spr Fltr Pds #2 Polish/Pk3, EZZZ6678 
5EQU,5EHBZZZ6679,Bv Spr Fltr Pds #3 Sp Stl/Pk3, EZZZ6679 
5EQU,5EHBZZZ6698,Easy Turn 1/2 Hose Clamp, EZZZ6698 
5EQU,5EHBZZZ6699,Easy Turn 5/8 Hose Clamp, EZZZ6699 
5EQU,5EHBZZZ6700,Easy Turn 3/4 Hose Clamp, EZZZ6700 
5EQU,5EHBZZZ6701,Easy Turn 2 3/8 Hose Clamp~D, EZZZ6701 
5EQU,5EHBZZZ6704,S.Steel 5 Gal Keg (Ball Lock), EZZZ6704 
5EQU,5EHBZZZ6709,Co2 Tank 5 Lb / Empty, EZZZ6709 
5EQU,5EHBZZZ6710,Co2 Regulator, EZZZ6710 
5EQU,5EHBZZZ6711,The Adapter C0-2-Go, EZZZ6711 
5EQU,5EHBZZZ6714,Ball-Lock Liquid Conn Barbed, EZZZ6714 
5EQU,5EHBZZZ6715,Ball-Lock Liq Connect Threaded, EZZZ6715 
5EQU,5EHBZZZ6716,Ball-Lock Gas Conn Barbed, EZZZ6716 
5EQU,5EHBZZZ6717,Ball-Lock Gas Conn Threaded, EZZZ6717 
5EQU,5EHBZZZ6738,Squeeze Faucet, EZZZ6738 
5EQU,5EHBZZZ6750,Keg Lube 1 oz, EZZZ6750 
5EQU,5EHBZZZ6752,Carbonator Valve Coupling, EZZZ6752 
5EQU,5EHBZZZ6753,Handheld Keg Charger 4-pack, EZZZ6753 
5EQU,5EHBZZZ6754,Handheld C02 Keg Charger Only, EZZZ6754 
5EQU,5EHBZZZ6756,16 Gram Co2 Bulbs / 6 Pack, EZZZ6756 
5EQU,5EHBZZZ6761,Hit Plain Silver P.Keg W/Tap, EZZZ6761 
5EQU,5EHBZZZ6764,Party Star Tap/Co2 Metal, EZZZ6764 
5EQU,5EHBZZZ6772,Two-Piece Reusable Bung, EZZZ6772 
5EQU,5EHBZZZ6777,Vented Bung Dual Purpose, EZZZ6777 
5EQU,5EHBZZZ6790,Brass Bottle Washer, EZZZ6790 
5EQU,5EHBZZZ6791,Fermtech Blast Bottle Washer, EZZZ6791 
5EQU,5EHBZZZ6792,StainlessSteel Bottle Washer~D, EZZZ6792 
5EQU,5EHBZZZ6793,All Metal Adapter F/Btl Washer, EZZZ6793 
5EQU,5EHBZZZ6794,Rinser (Vinator), EZZZ6794 
5EQU,5EHBZZZ6797,Drainer 45 Station Nonrotating, EZZZ6797 
5EQU,5EHBZZZ6798,Drainer/ 81 Station Rotating, EZZZ6798 
5EQU,5EHBZZZ6799,Wheel F/Bottle Drainers Ea~D, EZZZ6799 
5EQU,5EHBZZZ6800,Triple Scale B&W Hydrometer, EZZZ6800 
5EQU,5EHBZZZ6806,Economy Hydrometer, EZZZ6806 
5EQU,5EHBZZZ6809,Proof & Tralle Hydrometer, EZZZ6809 
5EQU,5EHBZZZ6815,Hydrometer/Thermometer, EZZZ6815 
5EQU,5EHBZZZ6835,10 Plastic Test Jar, EZZZ6835 
5EQU,5EHBZZZ6836,12 Plastic Test Jar W/ Base, EZZZ6836 
5EQU,5EHBZZZ6840,8 1/4in TB FloatingThermometer, EZZZ6840 
5EQU,5EHBZZZ6842,Bi-Metal Therm W/9Stem & Clip, EZZZ6842 
5EQU,5EHBZZZ6843,Fermometer/Adhesive, EZZZ6843 
5EQU,5EHBZZZ6844,Dual Scale Liq Crystal Therm, EZZZ6844 
5EQU,5EHBZZZ6850,Acid Test Kit, EZZZ6850 
5EQU,5EHBZZZ6853,Test Tube For Acid Test Kit, EZZZ6853 
5EQU,5EHBZZZ6854,Phenolphthalein 1/2 fl oz, EZZZ6854 
5EQU,5EHBZZZ6855,Sodium Hydroxide 4 Fl Oz, EZZZ6855 
5EQU,5EHBZZZ6858,Phenolphthalein 0.5%- 4 Liter, EZZZ6858 
5EQU,5EHBZZZ6860,Vial/100 Beer Acid Test Paper, EZZZ6860 
5EQU,5EHBZZZ6862,Vial/100 Wine Acid Test Paper, EZZZ6862 
5EQU,5EHBZZZ6864,Vial/100 Iodine Test Papers, EZZZ6864 
5EQU,5EHBZZZ6866,Vial/100 Chlorine Test Papers, EZZZ6866 
5EQU,5EHBZZZ6874,Milwaukee 4.01 Buf 20Ml Bx 25, EZZZ6874 
5EQU,5EHBZZZ6875,Milwaukee 7.01 Buf 20Ml Bx 25, EZZZ6875 
5EQU,5EHBZZZ6879,Milwaukee Ph55 Meter, EZZZ6879 
5EQU,5EHBZZZ6888,230mL Ph 4.01 Buffer Solution, EZZZ6888 
5EQU,5EHBZZZ6889,230mL Ph 7.01 Buffer Solution, EZZZ6889 
5EQU,5EHBZZZ6890,Scale 18 Oz (500Grams), EZZZ6890 
5EQU,5EHBZZZ6892,Titrets So2 Test Kit/Box 10, EZZZ6892 
5EQU,5EHBZZZ6893,Titrettor (Reusable Tool), EZZZ6893 
5EQU,5EHBZZZ6895,Vinometer, EZZZ6895 
5EQU,5EHBZZZ6897,Wine Thief/Plastic, EZZZ6897 
5EQU,5EHBZZZ6898,Wine Thief/Glass, EZZZ6898 
5EQU,5EHBZZZ6899,The Thief-Test Jar/Thief Combo, EZZZ6899 
5EQU,5EHBZZZ6900,Stainless Steel Baster 18 L, EZZZ6900 
5EQU,5EHBZZZ6901,Plastic Baster 18 Length~D, EZZZ6901 
5EQU,5EHBZZZ7011,CraftMeister AlkalineWash 1 Lb, EZZZ7011 
5EQU,5EHBZZZ7012,CraftMeister OxygenWash 1 Lb, EZZZ7012 
5EQU,5EHBZZZ7015,CraftMeist GrowlerTab 25 count, EZZZ7015 
5EQU,5EHBZZZ7016,CraftMeist KegCarboyTab 6x30ct, EZZZ7016 
5EQU,5EHBZZZ7018,CraftMeist KegCarboyTabs 3 Cnt, EZZZ7018 
5EQU,5EHBZZZ7019,CraftMeist Alkaline Wash 5lb, EZZZ7019 
5EQU,5EHBZZZ7020,CraftMeist Oxygen Wash 5lb, EZZZ7020 
5EQU,5EHBZZZ7077,Five Star PBW 120 gram Pack, EZZZ7077 
5EQU,5EHBZZZ8456,Sulphur Disks- 1 Kg Box, EZZZ8456 
5EQU,5EHBZZZ9371,Refractometer - Brix & SG, EZZZ9371 
5EQU,5EHBZZZ9910,C-Brite Case Of 2 Pails~D, EZZZ9910 
5EQU,5EHBZZZ9925,Btf Iodophor Iodine 1 gal/cs 4, EZZZ9925 
5EQU,5EZZZZZ1001,Brix Saccharometers0-8.5 9364, EZZZ1001 
5EQU,5EZZZZZ1002,Brix Saccharometer7.5-16 9365, EZZZ1002 
5EQU,5EZZZZZ1003,Brix Saccharometr15.5-24 9366, EZZZ1003 
5EQU,5EZZZZZ1011,Floating Thermometer 12 in, EZZZ1011 
5EQU,5EZZZZZ1012,Lab Thermometers 12in  6846, EZZZ1012 
5EQU,5EZZZZZ1021,Plastic Test Jar 14in  6838, EZZZ1021 
5EQU,5EZZZZZ1022,Glass Test Jar w/Bumpers 6832, EZZZ1022 
5EQU,5EZZZZZ1301,HLP Medium 500g  9533, EZZZ1301 
5EQU,5EZZZZZ1302,LCSM 200g 9538, EZZZ1302 
5EQU,5EZZZZZ1303,LWYM 200g, EZZZ1303 
5EQU,5EZZZZZ1304,LMDA Medium 500g, EZZZ1304 
5EQU,5EZZZZZ2001,Plain Silver Crowns CS 10k, EZZZ2001 
5EQU,5EZZZZZ2002,Plain Gold Crowns CS 10k, EZZZ2002 
5EQU,5EZZZZZ2003,Oxy Absorb Silver Crowns CS10k, EZZZ2003 
5EQU,5EZZZZZ2004,Oxy Absorb Black Crowns CS10k, EZZZ2004 
5EQU,5EZZZZZ2005,Oxy Absorb Green Crowns CS10k, EZZZ2005 
5EQU,5EZZZZZ2006,Oxy Absorb Orange Crowns CS10k, EZZZ2006 
5EQU,5EZZZZZ2007,Oxy Absorb Red Crowns CS10k, EZZZ2007 
5EQU,5EZZZZZ2008,Oxy Absorb White Crowns CS10k, EZZZ2008 
5EQU,5EZZZZZ2009,Oxy Absorb Yellow Crowns CS10k, EZZZ2009 
5EQU,5EZZZZZ2010,Oxy Absorb Blue Crowns CS10k, EZZZ2010 
5EQU,5EZZZZZ2011,Beer Cork 44x25.5mm 1000 count, EZZZ2011 
5EQU,5EZZZZZ3001,12 oz Beer Bottles cs 24  5800, EZZZ3001 
5EQU,5EZZZZZ3002,22 oz Beer Bottles cs 12  5810, EZZZ3002 
5EQU,5EZZZZZ3003,Belgian Beer Bottles750ml 5824, EZZZ3003 
5EQU,5EZZZZZ4001,EasyFloat 300, EZZZ4001 
5EQU,5EZZZZZ4002,EasyFloat 500, EZZZ4002 
5EQU,5EZZZZZ4005,EasyFerm 25, EZZZ4005 
5EQU,5EZZZZZ4010,"Perist Pump, 20L/H EF300", EZZZ4010 
5EQU,5EZZZZZ4011,Hose Perist Pump 20L/H EF300, EZZZ4011 
5EQU,5EZZZZZ4012,Flowmeter 1/4 EF300, EZZZ4012 
5EQU,5EZZZZZ4013,Flowmeter Solenoid EF300, EZZZ4013 
5EQU,5EZZZZZ4014,Fuses Kit EF300, EZZZ4014 
5HOP,5H00ALP0003,US Alpha Hop Extract, HALP0003 
5HOP,5H00AMA0001,Amarillo Hop Extract- 150 alph, HAMA0001 
5HOP,5H00CAS0001,Cascade Hop Extract 150 alpha, HCAS0001 
5HOP,5H00CAS0002,Cascade Hop Extract 300 alpha, HCAS0002 
5HOP,5H00CEN0001,Centennial Hop Extract 150 al, HCEN0001 
5HOP,5H00CEN0002,Centennial Hop Extract 300 al, HCEN0002 
5HOP,5H00CHI0001,Chinook Hop Extract 150 alpha, HCHI0001 
5HOP,5H00CHI0002,Chinook Hop Extract 300 alpha, HCHI0002 
5HOP,5H00CIT0001,Citra Hop Extract 150 alpha, HCIT0001 
5HOP,5H00ELD0001,Eldorado Hop Extract 150 alpha, HELD0001 
5HOP,5H00SUM0001,Summit Hop Extract- 150 alpha, HSUM0001 
5HOP,5H00SUM0002,Summit Hop Extract- 300 alpha, HSUM0002 
5HOP,5H17ARI0011,2017 Ariana Hops 11 lb, HARI0011 
5HOP,5H17CAL0011,2017 Calista Hops 11 lb, HCAL0011 
5HOP,5H17SMA0044,2017 Smaragd Hops 44 Lb, HSMA0044 
5HOP,5H17TRI0011,2017 Triumph Hops- 11 lb, HTRI0011 
5HOP,5H17WAI0000,2017 Waimea Bale, HWAI0000 
5HOP,5H17WAI0050,2017 Waimea Hops 50 Lb, HWAI0050 
5HOP,5H18AMA0000,2018 Amarillo ® Hops- Bale, HAMA0000 
5HOP,5H18AMA0010,2018 Amarillo ® Hops- 10 lb, HAMA0010 
5HOP,5H18AMA0011,2018 Amarillo ® Hops- 11 lb, HAMA0011 
5HOP,5H18AMA0044,2018 Amarillo ® Hops- 44 lb, HAMA0044 
5HOP,5H18AMA0050,2018 Amarillo ® Hops- 50 lb, HAMA0050 
5HOP,5H18AZA0000,2018 Azacca Hops Bale, HAZA0000 
5HOP,5H18AZA0010,2018 Azacca Hops 10 lb, HAZA0010 
5HOP,5H18AZA0011,2018 Azacca Hops 11 lb, HAZA0011 
5HOP,5H18AZA0044,2018 Azacca Hops 44 lb, HAZA0044 
5HOP,5H18AZA0050,2018 Azacca Hops 50 lb, HAZA0050 
5HOP,5H18BLC0000,2018 Hallertau Blanc Hops Bale, HBLC0000 
5HOP,5H18BLC0010,2018 Hallertau Blanc 10 lb, HBLC0010 
5HOP,5H18BLC0011,2018 Hallertau Blanc 11 lb, HBLC0011 
5HOP,5H18BLC0044,2018 Hallertau Blanc 44 lb, HBLC0044 
5HOP,5H18BLC0050,2018 Hallertau Blanc 50 lb, HBLC0050 
5HOP,5H18BOA0000,2018 Boadicea Hops- Bale, HBOA0000 
5HOP,5H18BOA0010,2018 Boadicea Hops- 10 lb, HBOA0010 
5HOP,5H18BOA0011,2018 Boadicea Hops- 11 lb, HBOA0011 
5HOP,5H18BOA0044,2018 Boadicea Hops- 44 lb, HBOA0044 
5HOP,5H18BOA0050,2018 Boadicea Hops- 50 lb, HBOA0050 
5HOP,5H18CAS0000,2018 Cascade Hops- Bale, HCAS0000 
5HOP,5H18CAS0010,2018 Cascade Hops- 10 lb, HCAS0010 
5HOP,5H18CAS0011,2018 Cascade Hops- 11 lb, HCAS0011 
5HOP,5H18CAS0044,2018 Cascade Hops- 44 lb, HCAS0044 
5HOP,5H18CAS0050,2018 Cascade Hops- 50 lb, HCAS0050 
5HOP,5H18CEN0000,2018 Centennial Hops- Bale, HCEN0000 
5HOP,5H18CEN0010,2018 Centennial Hops- 10 lb, HCEN0010 
5HOP,5H18CEN0011,2018 Centennial Hops- 11 lb, HCEN0011 
5HOP,5H18CEN0044,2018 Centennial Hops- 44 lb, HCEN0044 
5HOP,5H18CEN0050,2018 Centennial Hops- 50 lb, HCEN0050 
5HOP,5H18CHI0000,2018 Chinook Hops- Bale, HCHI0000 
5HOP,5H18CHI0010,2018 Chinook Hops- 10 lb, HCHI0010 
5HOP,5H18CHI0011,2018 Chinook Hops- 11 lb, HCHI0011 
5HOP,5H18CHI0044,2018 Chinook Hops- 44 lb, HCHI0044 
5HOP,5H18CHI0050,2018 Chinook Hops- 50 lb, HCHI0050 
5HOP,5H18CIT0000,2018 Citra Hops- Bale, HCIT0000 
5HOP,5H18CIT0010,2018 Citra Hops- 10 lb, HCIT0010 
5HOP,5H18CIT0011,2018 Citra Hops- 11 lb, HCIT0011 
5HOP,5H18CIT0044,2018 Citra Hops- 44 lb, HCIT0044 
5HOP,5H18CIT0050,2018 Citra Hops- 50 lb, HCIT0050 
5HOP,5H18CLU0000,2018 Cluster Hops- Bale, HCLU0000 
5HOP,5H18CLU0010,2018 Cluster Hops- 10 lb, HCLU0010 
5HOP,5H18CLU0011,2018 Cluster Hops- 11 lb, HCLU0011 
5HOP,5H18CLU0044,2018 Cluster Hops- 44 lb, HCLU0044 
5HOP,5H18CLU0050,2018 Cluster Hops- 50 lb, HCLU0050 
5HOP,5H18CMR0000,2018 Cashmere Hops Bale, HCMR0000 
5HOP,5H18CMR0010,2018 Cashmere Hops 10 Lb, HCMR0010 
5HOP,5H18CMR0011,2018 Cashmere Hops 11 Lb, HCMR0011 
5HOP,5H18CMR0044,2018 Cashmere Hops 44 Lb, HCMR0044 
5HOP,5H18CMR0050,2018 Cashmere Hops 50 Lb, HCMR0050 
5HOP,5H18COM0000,2018 Comet Hops Bales, HCOM0000 
5HOP,5H18COM0010,2018 Comet Hops 10 Lb, HCOM0010 
5HOP,5H18COM0011,2018 Comet Hops 11 Lb, HCOM0011 
5HOP,5H18COM0044,2018 Comet Hops 44 Lb, HCOM0044 
5HOP,5H18COM0050,2018 Comet Hops 50 Lb, HCOM0050 
5HOP,5H18CRY0000,2018 Crystal Hops- Bale, HCRY0000 
5HOP,5H18CRY0010,2018 Crystal Hops- 10 lb, HCRY0010 
5HOP,5H18CRY0011,2018 Crystal Hops- 11 lb, HCRY0011 
5HOP,5H18CRY0044,2018 Crystal Hops- 44 lb, HCRY0044 
5HOP,5H18CRY0050,2018 Crystal Hops- 50 lb, HCRY0050 
5HOP,5H18CSH0000,2018 Cashmere Hops Bale, HCSH0000 
5HOP,5H18CSZ0000,2018 Czech Saaz Hops- Bale, HCSZ0000 
5HOP,5H18CSZ0010,2018 Czech Saaz Hops- 10 lb, HCSZ0010 
5HOP,5H18CSZ0011,2018 Czech Saaz Hops- 11 lb, HCSZ0011 
5HOP,5H18CSZ0044,2018 Czech Saaz Hops- 44 lb, HCSZ0044 
5HOP,5H18CSZ0050,2018 Czech Saaz Hops- 50 lb, HCSZ0050 
5HOP,5H18CTZ0000,2018 CTZ (Columbus) Hops- Bale, HCTZ0000 
5HOP,5H18CTZ0010,2018 CTZ (Columbus) Hops 10 lb, HCTZ0010 
5HOP,5H18CTZ0011,2018 CTZ (Columbus) Hops 11 lb, HCTZ0011 
5HOP,5H18CTZ0044,2018 CTZ (Columbus) Hops 44 lb, HCTZ0044 
5HOP,5H18CTZ0050,2018 CTZ (Columbus) Hops 50 lb, HCTZ0050 
5HOP,5H18ECH0000,2018 English Challenger Bale, HECH0000 
5HOP,5H18ECH0010,2018 English Challenger 10 lb, HECH0010 
5HOP,5H18ECH0011,2018 English Challenger 11 lb, HECH0011 
5HOP,5H18ECH0044,2018 English Challenger 44 lb, HECH0044 
5HOP,5H18ECH0050,2018 English Challenger 50 lb, HECH0050 
5HOP,5H18EFG0000,2018 English Fuggle Hops- Bale, HEFG0000 
5HOP,5H18EFG0010,2018 English Fuggle Hops 10 lb, HEFG0010 
5HOP,5H18EFG0011,2018 English Fuggle Hops 11 lb, HEFG0011 
5HOP,5H18EFG0044,2018 English Fuggle Hops 44 lb, HEFG0044 
5HOP,5H18EFG0050,2018 English Fuggle Hops 50 lb, HEFG0050 
5HOP,5H18EKG0000,2018 East Kent Golding Bale, HEKG0000 
5HOP,5H18EKG0010,2018 East Kent Golding 10 lb, HEKG0010 
5HOP,5H18EKG0011,2018 East Kent Golding 11 lb, HEKG0011 
5HOP,5H18EKG0044,2018 East Kent Golding 44 lb, HEKG0044 
5HOP,5H18EKG0050,2018 East Kent Golding 50 lb, HEKG0050 
5HOP,5H18EKU0000,2018 Ekuanot(TM) Hops Bale, HEKU0000 
5HOP,5H18EKU0010,2018 Ekuanot(TM) Hops 10 Lb, HEKU0010 
5HOP,5H18EKU0011,2018 Ekuanot(TM) Hops 11 Lb, HEKU0011 
5HOP,5H18EKU0044,2018 Ekuanot(TM) Hops 44 Lb, HEKU0044 
5HOP,5H18EKU0050,2018 Ekuanot(TM) Hops  50 Lb, HEKU0050 
5HOP,5H18ELD0000,2018 El Dorado Hops- Bale, HELD0000 
5HOP,5H18ELD0010,2018 El Dorado Hops- 10 lb, HELD0010 
5HOP,5H18ELD0011,2018 El Dorado Hops- 11 lb, HELD0011 
5HOP,5H18ELD0044,2018 El Dorado Hops- 44 lb, HELD0044 
5HOP,5H18ELD0050,2018 El Dorado Hops- 50 lb, HELD0050 
5HOP,5H18EPR0000,2018 English Progress Bale, HEPR0000 
5HOP,5H18EPR0010,2018 English Progress 10 lb, HEPR0010 
5HOP,5H18EPR0011,2018 English Progress 11 lb, HEPR0011 
5HOP,5H18EPR0044,2018 English Progress 44 lb, HEPR0044 
5HOP,5H18EPR0050,2018 English Progress 50 lb, HEPR0050 
5HOP,5H18EQU0000,2018 Ekuanot(TM) Hops Bale, HEQU0000 
5HOP,5H18EQU0010,2018 Ekuanot(TM) Hops 10 Lb, HEQU0010 
5HOP,5H18EQU0011,2018 Ekuanot(TM) Hops 11 Lb, HEQU0011 
5HOP,5H18EQU0044,2018 Ekuanot(TM) Hops 44 Lb, HEQU0044 
5HOP,5H18EQU0050,2018 Ekuanot(TM) Hops  50 Lb, HEQU0050 
5HOP,5H18GAL0000,2018 Galena Hops- Bale, HGAL0000 
5HOP,5H18GAL0010,2018 Galena Hops- 10 lb, HGAL0010 
5HOP,5H18GAL0011,2018 Galena Hops- 11 lb, HGAL0011 
5HOP,5H18GAL0044,2018 Galena Hops- 44 lb, HGAL0044 
5HOP,5H18GAL0050,2018 Galena Hops- 50 lb, HGAL0050 
5HOP,5H18GAX0000,2018 Galaxy Hops Bale, HGAX0000 
5HOP,5H18GAX0010,2018 Galaxy Hops 10 lb, HGAX0010 
5HOP,5H18GAX0011,2018 Galaxy Hops 11 lb, HGAX0011 
5HOP,5H18GAX0044,2018 Galaxy Hops 44 lb, HGAX0044 
5HOP,5H18GAX0050,2018 Galaxy Hops 50 lb, HGAX0050 
5HOP,5H18GEM0000,2018 Pacific Gem Hops Bale, HGEM0000 
5HOP,5H18GEM0010,2018 Pacific Gem Hops 10 lb, HGEM0010 
5HOP,5H18GEM0011,2018 Pacific Gem Hops 11 lb, HGEM0011 
5HOP,5H18GEM0044,2018 Pacific Gem Hops 44 lb, HGEM0044 
5HOP,5H18GEM0050,2018 Pacific Gem Hops 50 lb, HGEM0050 
5HOP,5H18GHB0000,2018 German Hersbrucker Bale, HGHB0000 
5HOP,5H18GHB0010,2018 German Hersbrucker 10 lb, HGHB0010 
5HOP,5H18GHB0011,2018 German Hersbrucker 11 lb, HGHB0011 
5HOP,5H18GHB0044,2018 German Hersbrucker 44 lb, HGHB0044 
5HOP,5H18GHB0050,2018 German Hersbrucker 50 lb, HGHB0050 
5HOP,5H18GHM0000,2018 German Mittelfruh Bale, HGHM0000 
5HOP,5H18GHM0010,2018 German Mittelfruh 10 Lb, HGHM0010 
5HOP,5H18GHM0011,2018 German Mittelfruh 11 Lb, HGHM0011 
5HOP,5H18GHM0044,2018 German Mittelfruh 44 Lb, HGHM0044 
5HOP,5H18GHM0050,2018 German Mittelfruh 50 Lb, HGHM0050 
5HOP,5H18GHS0000,2018 German Select Bales, HGHS0000 
5HOP,5H18GHS0010,2018 German Select 10 Lb, HGHS0010 
5HOP,5H18GHS0011,2018 German Select 11 Lb, HGHS0011 
5HOP,5H18GHS0044,2018 German Select 44 Lb, HGHS0044 
5HOP,5H18GHS0050,2018 German Select 50 Lb, HGHS0050 
5HOP,5H18GLA0000,2018 Glacier Hops- Bale, HGLA0000 
5HOP,5H18GLA0010,2018 Glacier Hops- 10 lb, HGLA0010 
5HOP,5H18GLA0011,2018 Glacier Hops- 11 lb, HGLA0011 
5HOP,5H18GLA0044,2018 Glacier Hops- 44 lb, HGLA0044 
5HOP,5H18GLA0050,2018 Glacier Hops- 50 lb, HGLA0050 
5HOP,5H18GMA0000,2018 German Magnum Hops- Bale, HGMA0000 
5HOP,5H18GMA0010,2018 German Magnum Hops- 10 lb, HGMA0010 
5HOP,5H18GMA0011,2018 German Magnum Hops- 11 lb, HGMA0011 
5HOP,5H18GMA0044,2018 German Magnum Hops- 44 lb, HGMA0044 
5HOP,5H18GMA0050,2018 German Magnum Hops- 50 lb, HGMA0050 
5HOP,5H18GNB0000,2018 Ger Northern Brewer Bale, HGNB0000 
5HOP,5H18GNB0010,2018 Ger Northern Brewer 10 lb, HGNB0010 
5HOP,5H18GNB0011,2018 Ger Northern Brewer 11 lb, HGNB0011 
5HOP,5H18GNB0044,2018 Ger Northern Brewer 44 lb, HGNB0044 
5HOP,5H18GNB0050,2018 Ger Northern Brewer 50 lb, HGNB0050 
5HOP,5H18GRB0000,2018 Green Bullet Hops Bale, HGRB0000 
5HOP,5H18GRB0010,2018 Green Bullet Hops 10 lb, HGRB0010 
5HOP,5H18GRB0011,2018 Green Bullet Hops 11 lb, HGRB0011 
5HOP,5H18GRB0044,2018 Green Bullet Hops 44 lb, HGRB0044 
5HOP,5H18GRB0050,2018 Green Bullet Hops 50 lb, HGRB0050 
5HOP,5H18GTE0000,2018 German Tettnang Hops Bale, HGTE0000 
5HOP,5H18GTE0010,2018 German Tettnang 10 lb, HGTE0010 
5HOP,5H18GTE0011,2018 German Tettnang 11 lb, HGTE0011 
5HOP,5H18GTE0044,2018 German Tettnang 44 lb, HGTE0044 
5HOP,5H18GTE0050,2018 German Tettnang 50 lb, HGTE0050 
5HOP,5H18GTR0010,2018 Ger Tradition Hops 10 lb, HGTR0010 
5HOP,5H18GTR0011,2018 Ger Tradition Hops 11 lb, HGTR0011 
5HOP,5H18GTR0044,2018 Ger Tradition Hops 44 lb, HGTR0044 
5HOP,5H18HER0044,2018 Herkules Hops 44 Lb, HHER0044 
5HOP,5H18HOR0000,2018 Horizon Hops- Bale, HHOR0000 
5HOP,5H18HOR0010,2018 Horizon Hops- 10 lb, HHOR0010 
5HOP,5H18HOR0011,2018 Horizon Hops- 11 lb, HHOR0011 
5HOP,5H18HOR0044,2018 Horizon Hops- 44 lb, HHOR0044 
5HOP,5H18HOR0050,2018 Horizon Hops- 50 lb, HHOR0050 
5HOP,5H18IDA0000,2018 Idaho 7 Bale, HIDA0000 
5HOP,5H18IDA0011,2018 Idaho 7 11 Lb, HIDA0011 
5HOP,5H18IDA0044,2018 Idaho 7 44 Lb, HIDA0044 
5HOP,5H18JAD0000,2018 Pacific Jade Hops Bale, HJAD0000 
5HOP,5H18JAD0010,2018 Pacific Jade Hops 10 lb, HJAD0010 
5HOP,5H18JAD0011,2018 Pacific Jade Hops 11 lb, HJAD0011 
5HOP,5H18JAD0044,2018 Pacific Jade Hops 44 lb, HJAD0044 
5HOP,5H18JAD0050,2018 Pacific Jade Hops 50 lb, HJAD0050 
5HOP,5H18JAR0000,2018 Jarrylo (TM) Hop Bale, HJAR0000 
5HOP,5H18JAR0010,2018 Jarrylo (TM) Hops 10 Lb, HJAR0010 
5HOP,5H18JAR0011,2018 Jarrylo (TM) Hops 11 Lb, HJAR0011 
5HOP,5H18JAR0044,2018 Jarrylo (TM) Hops 44 Lb, HJAR0044 
5HOP,5H18JAR0050,2018 Jarrylo (TM) Hops 50 Lb, HJAR0050 
5HOP,5H18KAZ0000,2018 Kazbek Hops Bale, HKAZ0000 
5HOP,5H18KAZ0010,2018 Kazbek Hops 10 Lb, HKAZ0010 
5HOP,5H18KAZ0011,2018 Kazbek Hops 11 Lb, HKAZ0011 
5HOP,5H18KAZ0044,2018 Kazbek Hops 44 Lb, HKAZ0044 
5HOP,5H18KAZ0050,2018 Kazbek Hops 50 Lb, HKAZ0050 
5HOP,5H18KOH0000,2018 Kohatu Hops Bale, HKOH0000 
5HOP,5H18KOH0010,2018 Kohatu Hops 10 lb, HKOH0010 
5HOP,5H18KOH0011,2018 Kohatu Hops 11 lb, HKOH0011 
5HOP,5H18KOH0044,2018 Kohatu Hops 44 lb, HKOH0044 
5HOP,5H18KOH0050,2018 Kohatu Hops 50 lb, HKOH0050 
5HOP,5H18LIB0000,2018 Liberty Hops- Bale, HLIB0000 
5HOP,5H18LIB0010,2018 Liberty Hops- 10 lb, HLIB0010 
5HOP,5H18LIB0011,2018 Liberty Hops- 11 lb, HLIB0011 
5HOP,5H18LIB0044,2018 Liberty Hops- 44 lb, HLIB0044 
5HOP,5H18LIB0050,2018 Liberty Hops- 50 lb, HLIB0050 
5HOP,5H18MAN0000,2018 Mandarina Bavaria Bale, HMAN0000 
5HOP,5H18MAN0010,2018 Mandarina Bavaria 10 lb, HMAN0010 
5HOP,5H18MAN0011,2018 Mandarina Bavaria 11 lb, HMAN0011 
5HOP,5H18MAN0044,2018 Mandarina Bavaria 44 lb, HMAN0044 
5HOP,5H18MAN0050,2018 Mandarina Bavaria 50 lb, HMAN0050 
5HOP,5H18MED0000,2018 Medusa (TM) Hop Bale, HMED0000 
5HOP,5H18MED0010,2018 Medusa (TM) Hops 10 Lb, HMED0010 
5HOP,5H18MED0011,2018 Medusa (TM) Hops 11 Lb, HMED0011 
5HOP,5H18MED0044,2018 Medusa (TM) Hops 44 Lb, HMED0044 
5HOP,5H18MED0050,2018 Medusa (TM) Hops 50 Lb, HMED0050 
5HOP,5H18MEL0000,2018 Huell Melon Hops Bale, HMEL0000 
5HOP,5H18MEL0010,2018 Huell Melon Hops 10 lb, HMEL0010 
5HOP,5H18MEL0011,2018 Huell Melon Hops 11 lb, HMEL0011 
5HOP,5H18MEL0044,2018 Huell Melon Hops 44 lb, HMEL0044 
5HOP,5H18MEL0050,2018 Huell Melon Hops 50 lb, HMEL0050 
5HOP,5H18MOS0000,2018 Mosaic® Hops Bale, HMOS0000 
5HOP,5H18MOS0010,2018 Mosaic® Hops 10 Lb, HMOS0010 
5HOP,5H18MOS0011,2018 Mosaic® Hops 11 Lb, HMOS0011 
5HOP,5H18MOS0044,2018 Mosaic® Hops 44 Lb, HMOS0044 
5HOP,5H18MOS0050,2018 Mosaic® Hops 50 Lb, HMOS0050 
5HOP,5H18MOT0000,2018 Motueka Hops Bale, HMOT0000 
5HOP,5H18MOT0010,2018 Motueka Hops 10 lb, HMOT0010 
5HOP,5H18MOT0011,2018 Motueka Hops 11 lb, HMOT0011 
5HOP,5H18MOT0044,2018 Motueka Hops 44 lb, HMOT0044 
5HOP,5H18MOT0050,2018 Motueka Hops 50 lb, HMOT0050 
5HOP,5H18MOU0000,2018 Moutere Hops Bale, HMOU0000 
5HOP,5H18MOU0010,2018 Moutere Hops 10 Lb, HMOU0010 
5HOP,5H18MOU0011,2018 Moutere Hops 11 Lb, HMOU0011 
5HOP,5H18MOU0044,2018 Moutere Hops 44 Lb, HMOU0044 
5HOP,5H18MOU0050,2018 Moutere Hops 50 Lb, HMOU0050 
5HOP,5H18MTH0000,2018 Mt Hood Hops- Bale, HMTH0000 
5HOP,5H18MTH0010,2018 Mt Hood Hops- 10 lb, HMTH0010 
5HOP,5H18MTH0011,2018 Mt Hood Hops- 11 lb, HMTH0011 
5HOP,5H18MTH0044,2018 Mt Hood Hops- 44 lb, HMTH0044 
5HOP,5H18MTH0050,2018 Mt Hood Hops- 50 lb, HMTH0050 
5HOP,5H18NEL0000,2018 Nelson Sauvin Hops- Bale, HNEL0000 
5HOP,5H18NEL0010,2018 Nelson Sauvin Hops- 10 lb, HNEL0010 
5HOP,5H18NEL0011,2018 Nelson Sauvin Hops- 11 lb, HNEL0011 
5HOP,5H18NEL0044,2018 Nelson Sauvin Hops- 44 lb, HNEL0044 
5HOP,5H18NEL0050,2018 Nelson Sauvin Hops- 50 lb, HNEL0050 
5HOP,5H18NUG0000,2018 Nugget Hops- Bale, HNUG0000 
5HOP,5H18NUG0010,2018 Nugget Hops- 10 lb, HNUG0010 
5HOP,5H18NUG0011,2018 Nugget Hops- 11 lb, HNUG0011 
5HOP,5H18NUG0044,2018 Nugget Hops- 44 lb, HNUG0044 
5HOP,5H18NUG0050,2018 Nugget Hops- 50 lb, HNUG0050 
5HOP,5H18OPA0000,2018 Opal Hops Bale, HOPA0000 
5HOP,5H18OPA0010,2018 Opal Hops 10 Lb, HOPA0010 
5HOP,5H18OPA0011,2018 Opal Hops 11 Lb, HOPA0011 
5HOP,5H18OPA0044,2018 Opal Hops 44 Lb, HOPA0044 
5HOP,5H18OPA0050,2018 Opal Hops 50 Lb, HOPA0050 
5HOP,5H18PAC0000,2018 Pacifica Hops Bale, HPAC0000 
5HOP,5H18PAC0010,2018 Pacifica Hops 10 lb, HPAC0010 
5HOP,5H18PAC0011,2018 Pacifica Hops 11 lb, HPAC0011 
5HOP,5H18PAC0044,2018 Pacifica Hops 44 lb, HPAC0044 
5HOP,5H18PAC0050,2018 Pacifica Hops 50 lb, HPAC0050 
5HOP,5H18PER0000,2018 Perle Hops- Bale, HPER0000 
5HOP,5H18PER0010,2018 Perle Hops- 10 lb, HPER0010 
5HOP,5H18PER0011,2018 Perle Hops- 11 lb, HPER0011 
5HOP,5H18PER0044,2018 Perle Hops- 44 lb, HPER0044 
5HOP,5H18PER0050,2018 Perle Hops- 50 lb, HPER0050 
5HOP,5H18POL0000,2018 Polaris Hops Bale, HPOL0000 
5HOP,5H18POL0010,2018 Polaris Hops 10 lb, HPOL0010 
5HOP,5H18POL0011,2018 Polaris Hops 11 lb, HPOL0011 
5HOP,5H18POL0044,2018 Polaris Hops 44 lb, HPOL0044 
5HOP,5H18POL0050,2018 Polaris Hops 50 lb, HPOL0050 
5HOP,5H18RAK0000,2018 Rakau Hops Bale, HRAK0000 
5HOP,5H18RAK0010,2018 Rakau Hops 10 lb, HRAK0010 
5HOP,5H18RAK0011,2018 Rakau Hops 11 lb, HRAK0011 
5HOP,5H18RAK0044,2018 Rakau Hops 44 lb, HRAK0044 
5HOP,5H18RAK0050,2018 Rakau Hops 50 lb, HRAK0050 
5HOP,5H18SAP0000,2018 Saphir Hops- Bale, HSAP0000 
5HOP,5H18SAP0010,2018 Saphir Hops- 10 lb, HSAP0010 
5HOP,5H18SAP0011,2018 Saphir Hops- 11 lb, HSAP0011 
5HOP,5H18SAP0044,2018 Saphir Hops- 44 lb, HSAP0044 
5HOP,5H18SAP0050,2018 Saphir Hops- 50 lb, HSAP0050 
5HOP,5H18SAV0000,2018 Savinski Golding Bale, HSAV0000 
5HOP,5H18SAV0010,2018 Savinski Golding 10 lb, HSAV0010 
5HOP,5H18SAV0011,2018 Savinski Golding 11 lb, HSAV0011 
5HOP,5H18SAV0044,2018 Savinski Golding 44 lb, HSAV0044 
5HOP,5H18SAV0050,2018 Savinski Golding 50 lb, HSAV0050 
5HOP,5H18SCR0000,2018 Southern Cross Hops Bale, HSCR0000 
5HOP,5H18SCR0010,2018 Southern Cross Hops 10 lb, HSCR0010 
5HOP,5H18SCR0011,2018 Southern Cross Hops 11 lb, HSCR0011 
5HOP,5H18SCR0044,2018 Southern Cross Hops 44 lb, HSCR0044 
5HOP,5H18SCR0050,2018 Southern Cross Hops 50 lb, HSCR0050 
5HOP,5H18SMR0000,2018 Summer Hops Bale, HSMR0000 
5HOP,5H18SMR0010,2018 Summer Hops 10 lb, HSMR0010 
5HOP,5H18SMR0011,2018 Summer Hops 11 lb, HSMR0011 
5HOP,5H18SMR0044,2018 Summer Hops 44 lb, HSMR0044 
5HOP,5H18SMR0050,2018 Summer Hops 50 lb, HSMR0050 
5HOP,5H18SOR0000,2018 Sorachi Ace Hops- Bale, HSOR0000 
5HOP,5H18SOR0010,2018 Sorachi Ace Hops- 10 lb, HSOR0010 
5HOP,5H18SOR0011,2018 Sorachi Ace Hops- 11 lb, HSOR0011 
5HOP,5H18SOR0044,2018 Sorachi Ace Hops- 44 lb, HSOR0044 
5HOP,5H18SOR0050,2018 Sorachi Ace Hops- 50 lb, HSOR0050 
5HOP,5H18SOV0000,2018 Sovereign Hops- Bale, HSOV0000 
5HOP,5H18SOV0010,2018 Sovereign Hops- 10 lb, HSOV0010 
5HOP,5H18SOV0011,2018 Sovereign Hops- 11 lb, HSOV0011 
5HOP,5H18SOV0044,2018 Sovereign Hops- 44 lb, HSOV0044 
5HOP,5H18SOV0050,2018 Sovereign Hops- 50 lb, HSOV0050 
5HOP,5H18STE0000,2018 Sterling Hops- Bale, HSTE0000 
5HOP,5H18STE0010,2018 Sterling Hops- 10 lb, HSTE0010 
5HOP,5H18STE0011,2018 Sterling Hops- 11 lb, HSTE0011 
5HOP,5H18STE0044,2018 Sterling Hops- 44 lb, HSTE0044 
5HOP,5H18STE0050,2018 Sterling Hops- 50 lb, HSTE0050 
5HOP,5H18STY0000,2018 Sty Golding Celeia Bale, HSTY0000 
5HOP,5H18STY0010,2018 Sty Golding Celeia 10 lb, HSTY0010 
5HOP,5H18STY0011,2018 Sty Golding Celeia 11 lb, HSTY0011 
5HOP,5H18STY0044,2018 Sty Golding Celeia 44 lb, HSTY0044 
5HOP,5H18STY0050,2018 Sty Golding Celeia 50 lb, HSTY0050 
5HOP,5H18SUM0000,2018 Summit Hops- Bale, HSUM0000 
5HOP,5H18SUM0010,2018 Summit Hops- 10 lb, HSUM0010 
5HOP,5H18SUM0011,2018 Summit Hops- 11 lb, HSUM0011 
5HOP,5H18SUM0044,2018 Summit Hops- 44 lb, HSUM0044 
5HOP,5H18SUM0050,2018 Summit Hops- 50 lb, HSUM0050 
5HOP,5H18SUP0000,2018 Dr. Rudy Hops Bale, HSUP0000 
5HOP,5H18SUP0010,2018 Dr. Rudy Hops 10 lb, HSUP0010 
5HOP,5H18SUP0011,2018 Dr. Rudy Hops 11 lb, HSUP0011 
5HOP,5H18SUP0044,2018 Dr. Rudy Hops 44 lb, HSUP0044 
5HOP,5H18SUP0050,2018 Dr. Rudy Hops 50 lb, HSUP0050 
5HOP,5H18TAR0000,2018 Target Hops- Bale, HTAR0000 
5HOP,5H18TAR0010,2018 Target Hops- 10 lb, HTAR0010 
5HOP,5H18TAR0011,2018 Target Hops- 11 lb, HTAR0011 
5HOP,5H18TAR0044,2018 Target Hops- 44 lb, HTAR0044 
5HOP,5H18TAR0050,2018 Target Hops- 50 lb, HTAR0050 
5HOP,5H18USC0000,2018 US Challenger Hops- Bale, HUSC0000 
5HOP,5H18USC0010,2018 US Challenger Hops- 10 lb, HUSC0010 
5HOP,5H18USC0011,2018 US Challenger Hops- 11 lb, HUSC0011 
5HOP,5H18USC0044,2018 US Challenger Hops- 44 lb, HUSC0044 
5HOP,5H18USC0050,2018 US Challenger Hops- 50 lb, HUSC0050 
5HOP,5H18USG0000,2018 US Golding Hops- Bale, HUSG0000 
5HOP,5H18USG0010,2018 US Golding Hops- 10 lb, HUSG0010 
5HOP,5H18USG0011,2018 US Golding Hops- 11 lb, HUSG0011 
5HOP,5H18USG0044,2018 US Golding Hops- 44 lb, HUSG0044 
5HOP,5H18USG0050,2018 US Golding Hops- 50 lb, HUSG0050 
5HOP,5H18UST0000,2018 US Tettnang Hops- Bale, HUST0000 
5HOP,5H18UST0010,2018 US Tettnang Hops- 10 lb, HUST0010 
5HOP,5H18UST0011,2018 US Tettnang Hops- 11 lb, HUST0011 
5HOP,5H18UST0044,2018 US Tettnang Hops- 44 lb, HUST0044 
5HOP,5H18UST0050,2018 US Tettnang Hops- 50 lb, HUST0050 
5HOP,5H18VIC0000,2018 Vic Secret Hops Bale, HVIC0000 
5HOP,5H18VIC0010,2018 Vic Secret Hops 10 Lb, HVIC0010 
5HOP,5H18VIC0011,2018 Vic Secret Hops 11 Lb, HVIC0011 
5HOP,5H18VIC0044,2018 Vic Secret Hops 44 Lb, HVIC0044 
5HOP,5H18VIC0050,2018 Vic Secret Hops 50 Lb, HVIC0050 
5HOP,5H18WAI0011,2018 Waimea Hops 11 Lb, HWAI0011 
5HOP,5H18WAI0044,2018 Waimea Hops 44 Lb, HWAI0044 
5HOP,5H18WAK0000,2018 Wakatu Hops Bale, HWAK0000 
5HOP,5H18WAK0010,2018 Wakatu Hops 10 lb, HWAK0010 
5HOP,5H18WAK0011,2018 Wakatu Hops 11 lb, HWAK0011 
5HOP,5H18WAK0044,2018 Wakatu Hops 44 lb, HWAK0044 
5HOP,5H18WAK0050,2018 Wakatu Hops 50 lb, HWAK0050 
5HOP,5H18WAR0000,2018 Warrior Hops- Bale, HWAR0000 
5HOP,5H18WAR0010,2018 Warrior Hops- 10 lb, HWAR0010 
5HOP,5H18WAR0011,2018 Warrior Hops- 11 lb, HWAR0011 
5HOP,5H18WAR0044,2018 Warrior Hops- 44 lb, HWAR0044 
5HOP,5H18WAR0050,2018 Warrior Hops- 50 lb, HWAR0050 
5HOP,5H18WGV0000,2018 WGV Hops Bale, HWGV0000 
5HOP,5H18WGV0010,2018 WGV Hops 10 lb, HWGV0010 
5HOP,5H18WGV0011,2018 WGV Hops 11 lb, HWGV0011 
5HOP,5H18WGV0044,2018 WGV Hops 44 lb, HWGV0044 
5HOP,5H18WGV0050,2018 WGV Hops 50 lb, HWGV0050 
5HOP,5H18WIL0000,2018 Willamette Hops- Bale, HWIL0000 
5HOP,5H18WIL0010,2018 Willamette Hops- 10 lb, HWIL0010 
5HOP,5H18WIL0011,2018 Willamette Hops- 11 lb, HWIL0011 
5HOP,5H18WIL0044,2018 Willamette Hops- 44 lb, HWIL0044 
5HOP,5H18WIL0050,2018 Willamette Hops- 50 lb, HWIL0050 
5HOP,5H18WTI0011,2018 Wai-iti  Hops 11 Lb, HWTI0011 
5HOP,5H18WTI0044,2018 Wai-iti  Hops 44 Lb, HWTI0044 
5HOP,5H23CAS1044,2023 Organic Cascade 44 lb, HCAS1044 
5HOP,5H23GHB1044,2023 Organic Ger Hersbrucker44, HGHB1044 
5HOP,5H23GTR1044,2023 Organic Ger Tradition44lb, HGTR1044 
5HOP,5H23MAN1044,2023 Org Mandarina Bavaria44lb, HMAN1044 
5HOP,5H23PER1044,2023 Organic Perle 44 lb, HPER1044 
5HOP,5H23SMA1044,2023 Organic Smaragd 44 lb, HSMA1044 
5HOP,5H99LAM0011,Lambic Blend Hops 11 Lb, HLAM0011 
5HOP,5H99LAM0044,Lambic Blend Hops 44 Lb, HLAM0044 
5HOP,5HHBAMA001Z,Amarillo ® Hop Pellets 1 Oz, HAMA001Z 
5HOP,5HHBAMA008Z,Amarillo ® Hop Pellets 8 Oz, HAMA008Z 
5HOP,5HHBAZA001Z,Azacca (TM) Hop Pellets 1 oz, HAZA001Z 
5HOP,5HHBAZA008Z,Azacca (TM) Hop Pellets 8 oz, HAZA008Z 
5HOP,5HHBBLC001Z,Hallertau Blanc Pellets 1 Oz, HBLC001Z 
5HOP,5HHBBLC008Z,Hallertau Blanc Pellets 8 oz, HBLC008Z 
5HOP,5HHBBOA001Z,UK Boadicea Hop Pellets 1 oz, HBOA001Z 
5HOP,5HHBBOA008Z,UK Boadicea Hop Pellet 8 oz, HBOA008Z 
5HOP,5HHBCAS001Z,Cascade Hop Pellets 1 Oz, HCAS001Z 
5HOP,5HHBCAS008Z,Cascade Hop Pellets 8 oz, HCAS008Z 
5HOP,5HHBCEN001Z,Centennial Hop Pellets 1 Oz, HCEN001Z 
5HOP,5HHBCEN008Z,Centennial Hop Pellets 8 oz, HCEN008Z 
5HOP,5HHBCHI001Z,Chinook Hop Pellets 1 Oz, HCHI001Z 
5HOP,5HHBCHI008Z,Chinook Hop Pellets 8 oz, HCHI008Z 
5HOP,5HHBCIT001Z,Citra® Hop Pellets 1 Oz, HCIT001Z 
5HOP,5HHBCIT008Z,Citra® Hop Pellets 8 oz, HCIT008Z 
5HOP,5HHBCLU001Z,Cluster Hop Pellets 1 Oz, HCLU001Z 
5HOP,5HHBCLU008Z,Cluster Hop Pellets 8 oz, HCLU008Z 
5HOP,5HHBCMR001Z,Cashmere Hop Pellets 1 Oz, HCMR001Z 
5HOP,5HHBCMR008Z,Cashmere Hop Pellets 8 Oz, HCMR008Z 
5HOP,5HHBCOM001Z,Comet Hop Pellets 1oz, HCOM001Z 
5HOP,5HHBCOM008Z,Comet Hop Pellets 8 oz, HCOM008Z 
5HOP,5HHBCRY001Z,Crystal Hop Pellets 1 Oz, HCRY001Z 
5HOP,5HHBCRY008Z,Crystal Hop Pellets 8 oz, HCRY008Z 
5HOP,5HHBCSZ001Z,Czech Saaz Hop Pellets 1 Oz, HCSZ001Z 
5HOP,5HHBCSZ008Z,Saaz Hop Pellets 8 oz, HCSZ008Z 
5HOP,5HHBCTZ001Z,CTZ Hop Pellet 1 Oz, HCTZ001Z 
5HOP,5HHBCTZ008Z,CTZ Hop Pellets 8 oz, HCTZ008Z 
5HOP,5HHBECH001Z,Eng Challenger Pellets 1 Oz, HECH001Z 
5HOP,5HHBECH008Z,Eng Challenger Hop Pellets8 oz, HECH008Z 
5HOP,5HHBEFG001Z,English Fuggle Pellets 1 Oz, HEFG001Z 
5HOP,5HHBEFG008Z,English Fuggle Hop Pellets8 oz, HEFG008Z 
5HOP,5HHBEKG001Z,East Kent Golding Hop Pel 1 Oz, HEKG001Z 
5HOP,5HHBEKG008Z,Kent Golding Hop Pellets 8 oz, HEKG008Z 
5HOP,5HHBEKU001Z,Ekuanot Hop Pellets 1 Oz, HEKU001Z 
5HOP,5HHBEKU008Z,Ekuanot Hop Pellets 8 Oz, HEKU008Z 
5HOP,5HHBELD001Z,El Dorado(TM) Hop Pellets 1Oz, HELD001Z 
5HOP,5HHBELD008Z,El Dorado (TM) Pellets 8 oz, HELD008Z 
5HOP,5HHBEPR001Z,Eng Progress Hop Pellets 1 oz, HEPR001Z 
5HOP,5HHBEPR008Z,Eng Progress Hop Pellets 8 oz, HEPR008Z 
5HOP,5HHBGAL001Z,Galena Hop Pellets 1 Oz, HGAL001Z 
5HOP,5HHBGAL008Z,Galena Hop Pellets 8 oz, HGAL008Z 
5HOP,5HHBGAX001Z,Galaxy Hops 1oz, HGAX001Z 
5HOP,5HHBGAX008Z,Galaxy Hop Pellets 8 oz, HGAX008Z 
5HOP,5HHBGEM001Z,Pacific Gem Hop Pellets 1 Oz, HGEM001Z 
5HOP,5HHBGEM008Z,Pacific Gem Hop Pellets 8 oz, HGEM008Z 
5HOP,5HHBGHB001Z,Ger. Hersbrucker Pellets 1 Oz, HGHB001Z 
5HOP,5HHBGHB008Z,Hersbrucker Hop Pellets 8 oz, HGHB008Z 
5HOP,5HHBGHM001Z,Ger.Hallertau MF Pellets 1 Oz, HGHM001Z 
5HOP,5HHBGHM008Z,Hallertau MF Hop Pellets 8 oz, HGHM008Z 
5HOP,5HHBGHS001Z,German Select Hop Pellets 1 Oz, HGHS001Z 
5HOP,5HHBGHS008Z,German Select Pellets 8 oz, HGHS008Z 
5HOP,5HHBGLA001Z,US Glacier Pellets 1 Oz, HGLA001Z 
5HOP,5HHBGLA008Z,US Glacier Hop Pellets 8 oz, HGLA008Z 
5HOP,5HHBGMA001Z,German Magnum Hop Pellets 1 Oz, HGMA001Z 
5HOP,5HHBGMA008Z,German Magnum Hop Pellets 8 oz, HGMA008Z 
5HOP,5HHBGNB001Z,Ger Northern Brewer Pel. 1 Oz, HGNB001Z 
5HOP,5HHBGNB008Z,Northern Brewer Pellets 8 oz, HGNB008Z 
5HOP,5HHBGRB001Z,Green Bullet Pellets 1 Oz, HGRB001Z 
5HOP,5HHBGRB008Z,Green Bullet Hop Pellets 8 oz, HGRB008Z 
5HOP,5HHBGTE001Z,Ger Tettnang Hop Pellets 1 Oz, HGTE001Z 
5HOP,5HHBGTE008Z,Ger. Tettnang Hop Pellets 8 oz, HGTE008Z 
5HOP,5HHBGTE101Z,German Tettnang Leaf 1 Oz, HGTE101Z 
5HOP,5HHBGTR001Z,German Tradition Pellets 1 Oz, HGTR001Z 
5HOP,5HHBGTR008Z,German Tradition Pellets 8 oz, HGTR008Z 
5HOP,5HHBHOR001Z,Horizon Pellets 1 Oz, HHOR001Z 
5HOP,5HHBHOR008Z,Horizon Hop Pellets 8 oz, HHOR008Z 
5HOP,5HHBIDA001Z,Idaho 7 Hop Pellets 1 oz, HIDA001Z 
5HOP,5HHBIDA008Z,Idaho 7 Hop Pellets 8 oz, HIDA008Z 
5HOP,5HHBJAD001Z,Pacific Jade Hop Pellets 1 Oz, HJAD001Z 
5HOP,5HHBJAD008Z,Pacific Jade Hop Pellets 8 oz, HJAD008Z 
5HOP,5HHBJAR001Z,Jarrylo (TM) Hop Pellets 1 Oz, HJAR001Z 
5HOP,5HHBJAR008Z,Jarrylo (TM) Hop Pellets 8 oz, HJAR008Z 
5HOP,5HHBKAZ001Z,Kazbek Hop Pellets 1oz, HKAZ001Z 
5HOP,5HHBKAZ008Z,Kazbek Hop Pellets 8 oz, HKAZ008Z 
5HOP,5HHBKOH001Z,Kohatu Hop Pellets 1 Oz, HKOH001Z 
5HOP,5HHBKOH008Z,Kohatu Hop Pellets 8 oz, HKOH008Z 
5HOP,5HHBLIB001Z,Liberty Hop Pellets 1 Oz, HLIB001Z 
5HOP,5HHBLIB008Z,Liberty Hop Pellets 8 oz, HLIB008Z 
5HOP,5HHBMAN001Z,Mandarina Bavaria Pellets 1 Oz, HMAN001Z 
5HOP,5HHBMAN008Z,Mandarina Bavaria Pellets 8 oz, HMAN008Z 
5HOP,5HHBMEL001Z,Huell Melon Hop Pellets 1 Oz, HMEL001Z 
5HOP,5HHBMEL008Z,Huell Melon Hop Pellets 8 oz, HMEL008Z 
5HOP,5HHBMOS001Z,Mosaic® Hop Pellets 1 Oz, HMOS001Z 
5HOP,5HHBMOS008Z,Mosaic® Hop Pellets 8 oz, HMOS008Z 
5HOP,5HHBMOT001Z,Motueka Hop Pellets 1 Oz, HMOT001Z 
5HOP,5HHBMOT008Z,Motueka Hop Pellets 8 oz, HMOT008Z 
5HOP,5HHBMOU001Z,Moutere Hop Pellets 1 Oz, HMOU001Z 
5HOP,5HHBMOU008Z,Moutere Hop Pellets 8 Oz, HMOU008Z 
5HOP,5HHBMTH001Z,Mt Hood Hop Pellets 1 Oz, HMTH001Z 
5HOP,5HHBMTH008Z,Mount Hood Hop Pellets 8 oz, HMTH008Z 
5HOP,5HHBNEL001Z,Nelson Sauvin Hop Pel 1 Oz, HNEL001Z 
5HOP,5HHBNEL008Z,Nelson Sauvin Hop Pellets 8 oz, HNEL008Z 
5HOP,5HHBNUG001Z,Nugget Hop Pellets 1 Oz, HNUG001Z 
5HOP,5HHBNUG008Z,Nugget Hop Pellets 8 oz, HNUG008Z 
5HOP,5HHBPAC001Z,Pacifica Hop Pellets 1 Oz, HPAC001Z 
5HOP,5HHBPAC008Z,Pacifica Hop Pellets 8 oz, HPAC008Z 
5HOP,5HHBPER001Z,German Perle Hop Pellets 1 Oz, HPER001Z 
5HOP,5HHBPER008Z,Ger. Perle Hop Pellets 8 oz, HPER008Z 
5HOP,5HHBPOL001Z,Polaris Hop Pellets 1 Oz, HPOL001Z 
5HOP,5HHBPOL008Z,Polaris Hop Pellets 8 oz, HPOL008Z 
5HOP,5HHBRAK001Z,Rakau Pellets 1 Oz, HRAK001Z 
5HOP,5HHBRAK008Z,Rakau Hop Pellets 8 oz, HRAK008Z 
5HOP,5HHBSAP001Z,Saphir Hop Pellets 1 Oz, HSAP001Z 
5HOP,5HHBSAP008Z,Saphir Hop Pellets 8 oz, HSAP008Z 
5HOP,5HHBSCR001Z,Southern Cross Hop Pellets 1oz, HSCR001Z 
5HOP,5HHBSCR008Z,Southern Cross Hop Pellets 8oz, HSCR008Z 
5HOP,5HHBSMR001Z,Summer Hop Pellets 1 Oz, HSMR001Z 
5HOP,5HHBSMR008Z,Summer Hop Pellets 8 oz, HSMR008Z 
5HOP,5HHBSOR001Z,Sorachi Ace Hop Pellets 1 Oz, HSOR001Z 
5HOP,5HHBSOR008Z,Sorachi Ace Hop Pellets 8 oz, HSOR008Z 
5HOP,5HHBSOV001Z,Sovereign Hop Pellets 1 Oz, HSOV001Z 
5HOP,5HHBSOV008Z,Sovereign Hop Pellets 8 oz, HSOV008Z 
5HOP,5HHBSST001Z,Super Styrian Hop Pellets 1 Oz, HSST001Z 
5HOP,5HHBSTE001Z,Sterling Hop Pellets 1 Oz, HSTE001Z 
5HOP,5HHBSTE008Z,Sterling Hop Pellets 8 oz, HSTE008Z 
5HOP,5HHBSTY001Z,Styrian Golding Hop Pel 1 Oz, HSTY001Z 
5HOP,5HHBSTY008Z,Styrian Golding Pellets 8 oz, HSTY008Z 
5HOP,5HHBSUM001Z,Summit (TM) Hop Pellets 1 Oz, HSUM001Z 
5HOP,5HHBSUM008Z,Summit (TM) Hop Pellets 8 oz, HSUM008Z 
5HOP,5HHBSUP001Z,NZ Super Alpha Pellets 1 Oz, HSUP001Z 
5HOP,5HHBSUP008Z,Nz Super Alpha Hop Pellets8 oz, HSUP008Z 
5HOP,5HHBTAR001Z,Target Hops 1 Oz, HTAR001Z 
5HOP,5HHBTAR008Z,Target Hop Pellets 8 oz, HTAR008Z 
5HOP,5HHBUSC001Z,US Challenger Hop Pellets 1 oz, HUSC001Z 
5HOP,5HHBUSC008Z,US Challenger Hop Pellet 8 oz, HUSC008Z 
5HOP,5HHBUSF001Z,US Fuggle Hop Pellets 1 Oz, HUSF001Z 
5HOP,5HHBUST001Z,US Tettnang Pellets 1 Oz, HUST001Z 
5HOP,5HHBUST008Z,US Tettnang Hop Pellet 8 oz, HUST008Z 
5HOP,5HHBVIC001Z,AU Vic Secret Pellets 1 Oz, HVIC001Z 
5HOP,5HHBVIC008Z,AU Vic Secret Pellets 8 Oz, HVIC008Z 
5HOP,5HHBWAI001Z,Waimea Hop Pellets 1 Oz, HWAI001Z 
5HOP,5HHBWAI008Z,Waimea Hop Pellets 8 oz, HWAI008Z 
5HOP,5HHBWAK001Z,Wakatu Pellets 1 Oz, HWAK001Z 
5HOP,5HHBWAK008Z,Wakatu Hop Pellets 8 oz, HWAK008Z 
5HOP,5HHBWAR001Z,Warrior Hop Pellets 1 Oz, HWAR001Z 
5HOP,5HHBWAR008Z,Warrior Hop Pellets 8 oz, HWAR008Z 
5HOP,5HHBWGV008Z,WGV Hop Pellets 8 oz, HWGV008Z 
5HOP,5HHBWIL001Z,Willamette Hop Pellets 1 Oz, HWIL001Z 
5HOP,5HHBWIL008Z,Willamette Hop Pellets 8 oz, HWIL008Z 
5HOP,5HHBWTI001Z,Wai-iti Hop Pellets 1oz, HWTI001Z 
5HOP,5HHBWTI008Z,Wai-iti Hop Pellets 8 oz, HWTI008Z 
5MAL,5MZZBRI1002,Briess Brewers Malt 50 Lb, MBRI1002 
5MAL,5MZZBRI1003,Briess Pale Ale 50 Lb, MBRI1003 
5MAL,5MZZBRI1004,Briess Pilsen Malt 50 Lb, MBRI1004 
5MAL,5MZZBRI1017,Briess BonlanderMunich 50 Lb, MBRI1017 
5MAL,5MZZBRI1022,Briess 2-Row Carapils 50 Lb, MBRI1022 
5MAL,5MZZBRI1033,Briess 2-R Caramel 10L 50 Lb, MBRI1033 
5MAL,5MZZBRI1035,Briess 2-R Caramel 40L 50 Lb, MBRI1035 
5MAL,5MZZBRI1036,Briess 2-R Caramel 60L 50 Lb, MBRI1036 
5MAL,5MZZBRI1037,Briess 2-R Caramel 80L 50 Lb, MBRI1037 
5MAL,5MZZBRI1038,Briess 2-R Caramel 120L 50Lb, MBRI1038 
5MAL,5MZZBRI1041,Briess Caramel 20L 50 Lb, MBRI1041 
5MAL,5MZZBRI1055,Briess Victory 50 Lb, MBRI1055 
5MAL,5MZZBRI1056,Briess Special Roast 50 Lb, MBRI1056 
5MAL,5MZZBRI1057,Briess 2-Row Chocolate 50 Lb, MBRI1057 
5MAL,5MZZBRI1060,Briess 2-R Black Malt 50 Lb, MBRI1060 
5MAL,5MZZBRI1062,Briess Roasted Barley 50 Lb, MBRI1062 
5MAL,5MZZBRI1071,Briess Smoked Malt 50 Lb, MBRI1071 
5MAL,5MZZBRI1102,Briess Brewers Mlt Ground 50lb, MBRI1102 
5MAL,5MZZBRI1105,Briess White Wheat Ground 50lb, MBRI1105 
5MAL,5MZZBRI6010,Briess Midnight Wheat 1 Lb, MBRI6010 
5MAL,5MZZBRI6018,Briess Aromatic 1 Lb, MBRI6018 
5MAL,5MZZBRI6019,Briess Munich 10 L 1 Lb, MBRI6019 
5MAL,5MZZBRI6020,Briess Munich 20 L 1 Lb, MBRI6020 
5MAL,5MZZBRI6022,Briess Carapils 2-Row 1 Lb, MBRI6022 
5MAL,5MZZBRI6033,Briess Caramel 10L 2-Row 1 Lb, MBRI6033 
5MAL,5MZZBRI6035,Briess Caramel 40L 2-Row 1 Lb, MBRI6035 
5MAL,5MZZBRI6036,Briess Caramel 60L 2-Row 1 Lb, MBRI6036 
5MAL,5MZZBRI6037,Briess Caramel 80L 2-Row 1 Lb, MBRI6037 
5MAL,5MZZBRI6038,Briess Caramel 120L 2-Row 1 Lb, MBRI6038 
5MAL,5MZZBRI6041,Briess Caramel 20L 1 Lb, MBRI6041 
5MAL,5MZZBRI6047,Briess CaramelVienne20L 1 Lb, MBRI6047 
5MAL,5MZZBRI6048,Briess CaramelMunich60L 1 Lb, MBRI6048 
5MAL,5MZZBRI6055,Briess Victory Malt 1 Lb, MBRI6055 
5MAL,5MZZBRI6056,Briess Special Roast 1 Lb, MBRI6056 
5MAL,5MZZBRI6057,Briess 2-Row Chocolate 1 Lb, MBRI6057 
5MAL,5MZZBRI6060,Briess 2-Row Black Malt 1 Lb, MBRI6060 
5MAL,5MZZBRI6062,Briess Roasted Barley 1 Lb, MBRI6062 
5MAL,5MZZBRI6071,Briess Cherrywood Smoked 1 Lb, MBRI6071 
5MAL,5MZZBRI6089,Briess Organic Chocolate 1 Lb, MBRI6089 
5MAL,5MZZBRI6090,Briess Org Roasted Barley 1 Lb, MBRI6090 
5MAL,5MZZBRI7002,Briess 2-Row 10 Lb, MBRI7002 
5MAL,5MZZBRI7003,Briess Pale Ale 10 Lb, MBRI7003 
5MAL,5MZZBRI7004,Briess Pilsen 10 Lb, MBRI7004 
5MAL,5MZZBRI7018,Briess Aromatic 10 Lb, MBRI7018 
5MAL,5MZZBRI7019,Briess Munich 10 L 10 Lb, MBRI7019 
5MAL,5MZZBRI7020,Briess Munich 20 L 10 Lb, MBRI7020 
5MAL,5MZZBRI7022,Briess Carapils 2-Row 10 Lb, MBRI7022 
5MAL,5MZZBRI7033,Briess 2R Caramel 10L  10 Lb, MBRI7033 
5MAL,5MZZBRI7035,Briess 2R Caramel 40L  10 Lb, MBRI7035 
5MAL,5MZZBRI7036,Briess 2R Caramel 60L  10 Lb, MBRI7036 
5MAL,5MZZBRI7037,Briess 2R Caramel 80L  10 Lb, MBRI7037 
5MAL,5MZZBRI7038,Briess 2R Caramel 120L  10 Lb, MBRI7038 
5MAL,5MZZBRI7041,Briess Caramel 20 L 10 Lb, MBRI7041 
5MAL,5MZZBRI7042,Briess Caramel 40 L 10 Lb, MBRI7042 
5MAL,5MZZBRI7043,Briess Caramel 60 L 10 Lb, MBRI7043 
5MAL,5MZZBRI7044,Briess Caramel 80 L 10 Lb, MBRI7044 
5MAL,5MZZBRI7046,Briess Caramel 120L 10 Lb, MBRI7046 
5MAL,5MZZBRI7047,Briess CaramelVienne20L 10Lb, MBRI7047 
5MAL,5MZZBRI7048,Briess CaramelMunich60L 10Lb, MBRI7048 
5MAL,5MZZBRI7054,Briess CaraWheat Malt 10 Lb, MBRI7054 
5MAL,5MZZBRI7055,Briess Victory Malt 10 Lb, MBRI7055 
5MAL,5MZZBRI7056,Briess Special Roast 10 Lb, MBRI7056 
5MAL,5MZZBRI7057,Briess 2-Row Chocolate 10 Lb, MBRI7057 
5MAL,5MZZBRI7060,Briess 2-Row Black Malt 10 Lb, MBRI7060 
5MAL,5MZZBRI7062,Briess Roasted Barley 10 Lb, MBRI7062 
5MAL,5MZZBRI7071,Briess Cherrywood Smkd 10 Lb, MBRI7071 
5MAL,5MZZBRI7089,Briess Organic Choco. 10 Lb, MBRI7089 
5MAL,5MZZBRI7090,Briess Org Roasted Barley 10Lb, MBRI7090 
5MAL,5MZZBRI8171,Briess Crushed Smoked 4 oz ~S, MBRI8171 
5MAL,5MZZBRI9071,Briess Crush Smoked 50 Lb~S, MBRI9071 
5MAL,5MZZCAS1001,Chateau Pale Ale 25Kg, MCAS1001 
5MAL,5MZZCAS1002,Chateau Pilsen 25KG, MCAS1002 
5MAL,5MZZCAS1016,Chateau Munich Light 25Kg, MCAS1016 
5MAL,5MZZCAS1017,Chateau Monastique 25Kg, MCAS1017 
5MAL,5MZZCAS1018,Chateau Vienna 25Kg, MCAS1018 
5MAL,5MZZCAS1019,Chateau Melano 25Kg, MCAS1019 
5MAL,5MZZCAS1020,Chateau Melano Light 25Kg, MCAS1020 
5MAL,5MZZCAS1031,Chateau Cara Blond 25kg, MCAS1031 
5MAL,5MZZCAS1032,Chateau Cara Ruby 25Kg, MCAS1032 
5MAL,5MZZCAS1033,Chateau Cara Gold 25Kg, MCAS1033 
5MAL,5MZZCAS1034,Chateau Special Belgium 25 Kg, MCAS1034 
5MAL,5MZZCAS1051,Chateau Biscuit 25Kg, MCAS1051 
5MAL,5MZZCAS1052,Chateau Chocolate 25 Kg, MCAS1052 
5MAL,5MZZCAS1053,Chateau Black 25 Kg, MCAS1053 
5MAL,5MZZCAS1081,Chateau Biscuit Nature 25Kg, MCAS1081 
5MAL,5MZZCAS1083,Chateau Cara Gold Nature 25Kg, MCAS1083 
5MAL,5MZZCAS1084,Chateau Special Belgium Nature, MCAS1084 
5MAL,5MZZCAS2001,Chateau Pale Ale Totes 2200 lb, MCAS2001 
5MAL,5MZZCAS2002,Chateau Pilsen Totes 2200 lb, MCAS2002 
5MAL,5MZZCAS2031,Chateau Cara Blond Tote 2200lb, MCAS2031 
5MAL,5MZZCAS2032,Chateau Cara Ruby Tote 2200 lb, MCAS2032 
5MAL,5MZZCAS2034,Chateau Special Belgium Tote, MCAS2034 
5MAL,5MZZCAS2052,Chateau Chocolat Tote 2200 lb, MCAS2052 
5MAL,5MZZCAS3002,Chateau Pilsen 2RS Bulk, MCAS3002 
5MAL,5MZZCAS3017,Chateau Monastique Bulk, MCAS3017 
5MAL,5MZZCAS3018,Chateau Vienna Bulk, MCAS3018 
5MAL,5MZZCAS3032,Chateau Cara Ruby Bulk, MCAS3032 
5MAL,5MZZCAS3033,Chateau Cara Gold Bulk, MCAS3033 
5MAL,5MZZCAS3034,Chateau Special Belgium  Bulk, MCAS3034 
5MAL,5MZZCAS6016,Chateau Munich Light 1 Lb, MCAS6016 
5MAL,5MZZCAS6017,Chateau Monastique 1 Lb, MCAS6017 
5MAL,5MZZCAS6031,Chateau Cara Blond 1 Lb, MCAS6031 
5MAL,5MZZCAS6032,Chateau Cara Ruby 1 Lb, MCAS6032 
5MAL,5MZZCAS6033,Chateau Cara Gold 1 Lb, MCAS6033 
5MAL,5MZZCAS6034,Chateau Special Belgium 1 Lb, MCAS6034 
5MAL,5MZZCAS6051,Chateau  Biscuit 1 Lb, MCAS6051 
5MAL,5MZZCAS6052,Chateau Chocolate 1 Lb, MCAS6052 
5MAL,5MZZCAS6053,Chateau Black 1 Lb, MCAS6053 
5MAL,5MZZCAS6131,Chateau Crush CaraBlond 1 Lb~S, MCAS6131 
5MAL,5MZZCAS7001,Chateau Pale Ale 10 Lb, MCAS7001 
5MAL,5MZZCAS7002,Chatea Pilsen 2RS 10 Lb, MCAS7002 
5MAL,5MZZCAS7016,Chateau Munich Light 10 Lb, MCAS7016 
5MAL,5MZZCAS7017,Chateau Monastique 10 Lb, MCAS7017 
5MAL,5MZZCAS7031,Chateau Cara Blond 10 Lb, MCAS7031 
5MAL,5MZZCAS7032,Chateau Cara Ruby 10 Lb, MCAS7032 
5MAL,5MZZCAS7033,Chateau Cara Gold 10 Lb, MCAS7033 
5MAL,5MZZCAS7034,Chateau Special Belgium 10 Lb, MCAS7034 
5MAL,5MZZCAS7051,Chateau Biscuit 10 Lb, MCAS7051 
5MAL,5MZZCAS7052,Chateau Chocolate 10 Lb, MCAS7052 
5MAL,5MZZCAS7053,Chateau Black 10 Lb, MCAS7053 
5MAL,5MZZCAS8151,Chateau Crushed Biscuit 8 oz~S, MCAS8151 
5MAL,5MZZCAS8251,Chateau Crushed Biscuit 4 oz~S, MCAS8251 
5MAL,5MZZCAS9031,Chateau Crush CaraBlond 25kg~S, MCAS9031 
5MAL,5MZZCAS9051,Chateau Crushed Biscuit 25Kg~S, MCAS9051 
5MAL,5MZZCRI1001,Crisp Maris Otter® 25 kg, MCRI1001 
5MAL,5MZZCRI1002,Crisp No19 F/M Maris Otter25kg, MCRI1002 
5MAL,5MZZCRI1003,Crisp Best Ale 25kg, MCRI1003 
5MAL,5MZZCRI1004,Crisp Europils Malt 25 kg, MCRI1004 
5MAL,5MZZCRI1005,Crisp Clear Choice Malt® 25kg, MCRI1005 
5MAL,5MZZCRI1006,Crisp Wheat Malt 25 kg, MCRI1006 
5MAL,5MZZCRI1007,Crisp Branthill Maris Otter®, MCRI1007 
5MAL,5MZZCRI1008,Crisp Extra PaleMarisOtter25kg, MCRI1008 
5MAL,5MZZCRI1009,Crisp Chevallier Heritage 25kg, MCRI1009 
5MAL,5MZZCRI1010,Crisp Plumage Archer 25kg, MCRI1010 
5MAL,5MZZCRI1016,Crisp Munich Light 25 kg, MCRI1016 
5MAL,5MZZCRI1017,Crisp Dark Munich 25 kg, MCRI1017 
5MAL,5MZZCRI1018,Crisp Dextrin Malt 25 kg, MCRI1018 
5MAL,5MZZCRI1033,Crisp Crystal 45L 25 kg, MCRI1033 
5MAL,5MZZCRI1034,Crisp Crystal 77L 25 kg, MCRI1034 
5MAL,5MZZCRI1035,Crisp Crystal 120L 25 kg, MCRI1035 
5MAL,5MZZCRI1036,Crisp Crystal 60L 25 kg, MCRI1036 
5MAL,5MZZCRI1037,Crisp Cara Gold 25 kg, MCRI1037 
5MAL,5MZZCRI1041,Crisp Gleneagles Peated 25 kg, MCRI1041 
5MAL,5MZZCRI1042,Gleneagles Prem Pot Still 25kg, MCRI1042 
5MAL,5MZZCRI1051,Crisp Brown 25 kg, MCRI1051 
5MAL,5MZZCRI1052,Crisp Amber 25kg, MCRI1052 
5MAL,5MZZCRI1053,Crisp Cara Malt 15  25 kg, MCRI1053 
5MAL,5MZZCRI1060,Crisp Chocolate 25 kg, MCRI1060 
5MAL,5MZZCRI1061,Crisp Pale Chocolate 25 kg, MCRI1061 
5MAL,5MZZCRI1062,Crisp Black 25kg, MCRI1062 
5MAL,5MZZCRI1063,Crisp Roasted Barley 25 kg, MCRI1063 
5MAL,5MZZCRI1064,Crisp VOB Malt 25 kg, MCRI1064 
5MAL,5MZZCRI1071,Crisp Naked Malted Oats 25kg, MCRI1071 
5MAL,5MZZCRI1081,GleneaglesOrg Maris Otter®25kg, MCRI1081 
5MAL,5MZZCRI1082,Crisp Organic Extra Pale 25kg, MCRI1082 
5MAL,5MZZCRI1086,Crisp Organic Wheat Malt 25 kg, MCRI1086 
5MAL,5MZZCRI1090,Crisp Rye Malt 25kg, MCRI1090 
5MAL,5MZZCRI2001,Crisp Maris Otter® Tote, MCRI2001 
5MAL,5MZZCRI2002,Crisp No19 F/M Maris OtterTote, MCRI2002 
5MAL,5MZZCRI2003,Crisp Best Ale Tote, MCRI2003 
5MAL,5MZZCRI2004,Crisp Europils Malt Tote, MCRI2004 
5MAL,5MZZCRI2005,Crisp Clear Choice Malt® Totes, MCRI2005 
5MAL,5MZZCRI2006,Crisp Wheat Malt Tote, MCRI2006 
5MAL,5MZZCRI2008,Crisp Ext Pale MarisOtter Tote, MCRI2008 
5MAL,5MZZCRI2009,Crisp Chevallier Heritage Tote, MCRI2009 
5MAL,5MZZCRI2018,Crisp Dextrin Tote, MCRI2018 
5MAL,5MZZCRI2034,Crisp Crystal 77L Tote, MCRI2034 
5MAL,5MZZCRI2035,Crisp Crystal 120L Tote, MCRI2035 
5MAL,5MZZCRI2036,Crisp Crystal 60 Tote, MCRI2036 
5MAL,5MZZCRI2041,Crisp Gleneagles Peated Tote, MCRI2041 
5MAL,5MZZCRI2042,Gleneagles Prem Pot Still Tote, MCRI2042 
5MAL,5MZZCRI2052,Crisp Amber Tote 2200 lb, MCRI2052 
5MAL,5MZZCRI2053,Crisp Cara Malt 15 Tote, MCRI2053 
5MAL,5MZZCRI2060,Crisp Chocolate Tote, MCRI2060 
5MAL,5MZZCRI2061,Crisp Pale ChocolateTote2200lb, MCRI2061 
5MAL,5MZZCRI2063,Crisp Roasted BarleyTote2200lb, MCRI2063 
5MAL,5MZZCRI2082,Crisp Organic Extra Pale Tote, MCRI2082 
5MAL,5MZZCRI2090,Crisp Rye Tote, MCRI2090 
5MAL,5MZZCRI2118,Crisp Dextrin 1377 lb Tote, MCRI2118 
5MAL,5MZZCRI2218,Crisp Dextrin 1984 lb Tote, MCRI2218 
5MAL,5MZZCRI3001,Crisp Bulk Maris Otter®, MCRI3001 
5MAL,5MZZCRI3003,Crisp Bulk Best Ale, MCRI3003 
5MAL,5MZZCRI3004,Crisp Bulk Europils Malt, MCRI3004 
5MAL,5MZZCRI3006,Crisp Bulk Clear Choice Malt®, MCRI3006 
5MAL,5MZZCRI3010,Crisp Bulk Maris Otter® Blend, MCRI3010 
5MAL,5MZZCRI3034,Crisp Bulk Crystal 77L, MCRI3034 
5MAL,5MZZCRI3036,Crisp Bulk Crystal 60, MCRI3036 
5MAL,5MZZCRI3060,Crisp Bulk Chocolate, MCRI3060 
5MAL,5MZZCRI3082,Crisp Bulk Organic Extra Pale, MCRI3082 
5MAL,5MZZCRI3083,Crisp Bulk Whole Wheat, MCRI3083 
5MAL,5MZZCRI3090,Crisp Bulk Rye, MCRI3090 
5MAL,5MZZCRI3099,Crisp Lyndon Pale Blend, MCRI3099 
5MAL,5MZZCRI6006,Crisp Wheat Malt 1 Lb, MCRI6006 
5MAL,5MZZCRI6018,Crisp Dextrin Malt 1 Lb, MCRI6018 
5MAL,5MZZCRI6033,Crisp Crystal 45L 1 Lb, MCRI6033 
5MAL,5MZZCRI6034,Crisp Crystal 77L  1 Lb, MCRI6034 
5MAL,5MZZCRI6035,Crisp Crystal 120L  1 Lb~S, MCRI6035 
5MAL,5MZZCRI6036,Crisp Crystal 60L 1 Lb, MCRI6036 
5MAL,5MZZCRI6051,Crisp Brown Malt 1 Lb, MCRI6051 
5MAL,5MZZCRI6052,Crisp Amber 1 Lb, MCRI6052 
5MAL,5MZZCRI6053,Crisp Caramalt 1 Lb, MCRI6053 
5MAL,5MZZCRI6060,Crisp Chocolate 1 Lb, MCRI6060 
5MAL,5MZZCRI6061,Crisp Pale Chocolate 1 Lb, MCRI6061 
5MAL,5MZZCRI6062,Crisp Black Malt 1 Lb, MCRI6062 
5MAL,5MZZCRI6063,Crisp Roasted Barley 1 Lb, MCRI6063 
5MAL,5MZZCRI7001,Crisp Maris Otter® 10Lb, MCRI7001 
5MAL,5MZZCRI7002,Crisp No19 F/M MarisOtter10Lb, MCRI7002 
5MAL,5MZZCRI7003,Crisp Best Ale 10 Lb, MCRI7003 
5MAL,5MZZCRI7006,Crisp Wheat Malt 10 Lb, MCRI7006 
5MAL,5MZZCRI7009,Crisp Chevallier Heritage 10Lb, MCRI7009 
5MAL,5MZZCRI7018,Crisp Dextrin Malt 10 Lb~D, MCRI7018 
5MAL,5MZZCRI7032,Crisp Crystal 15L 10 Lb, MCRI7032 
5MAL,5MZZCRI7033,Crisp Crystal 45L 10 Lb, MCRI7033 
5MAL,5MZZCRI7034,Crisp Crystal 77L  10 Lb, MCRI7034 
5MAL,5MZZCRI7035,Crisp Crystal 120L 10 Lb ~S, MCRI7035 
5MAL,5MZZCRI7036,Crisp Crystal  60L  10 Lb, MCRI7036 
5MAL,5MZZCRI7041,Crisp Gleneagles Peated 10 lb, MCRI7041 
5MAL,5MZZCRI7042,Gleneagles Prem PotStill 10 lb, MCRI7042 
5MAL,5MZZCRI7051,Crisp Brown Malt 10 Lb, MCRI7051 
5MAL,5MZZCRI7052,Crisp Amber 10 Lb, MCRI7052 
5MAL,5MZZCRI7053,Crisp Caramalt 15  10 Lb, MCRI7053 
5MAL,5MZZCRI7060,Crisp Chocolate 10 Lb, MCRI7060 
5MAL,5MZZCRI7061,Crisp Pale Chocolate 10 Lb, MCRI7061 
5MAL,5MZZCRI7062,Crisp Black Malt 10 Lb, MCRI7062 
5MAL,5MZZCRI7063,Crisp Roasted Barley 10 Lb, MCRI7063 
5MAL,5MZZCRI8103,Crisp Crushed Best Ale 6 oz~S, MCRI8103 
5MAL,5MZZCRI8133,Crisp Crush Crystal 45L 2oz ~S, MCRI8133 
5MAL,5MZZCRI8134,Crisp Crush Crystal 77L 4 oz~S, MCRI8134 
5MAL,5MZZCRI8135,Crisp Crush Crystal 120L 4oz~S, MCRI8135 
5MAL,5MZZCRI8136,Crisp Crush Crystal 60L 4 oz~S, MCRI8136 
5MAL,5MZZCRI8152,Crisp Crushed Amber 4 oz ~S, MCRI8152 
5MAL,5MZZCRI8153,Crisp Crush Caramalt 15L 2oz~S, MCRI8153 
5MAL,5MZZCRI8160,Crisp Crushed Chocolate 4 oz~S, MCRI8160 
5MAL,5MZZCRI8161,Crisp CrushPaleChocolate 6oz~S, MCRI8161 
5MAL,5MZZCRI8162,Crisp Crushed Black 4oz~S, MCRI8162 
5MAL,5MZZCRI8163,Crisp Crush Roast Barley 2oz~S, MCRI8163 
5MAL,5MZZCRI8233,Crisp Crush Crystal 45L 8oz ~S, MCRI8233 
5MAL,5MZZCRI8235,Crisp Crush Crystal 120L 8oz~S, MCRI8235 
5MAL,5MZZCRI8236,Crisp Crush Crystal 60L 8 oz~S, MCRI8236 
5MAL,5MZZCRI8260,Crisp Crushed Chocolate 8 oz~S, MCRI8260 
5MAL,5MZZCRI8261,Crisp CrushPaleChocolate 8oz~S, MCRI8261 
5MAL,5MZZCRI8263,Crisp Crush RoastBarley 12oz~S, MCRI8263 
5MAL,5MZZCRI8336,Crisp Crush Crystal 60L 6 oz~S, MCRI8336 
5MAL,5MZZCRI8360,Crisp Crushed Chocolate 2 oz~S, MCRI8360 
5MAL,5MZZCRI8363,Crisp Crush Roast Barley 4oz~S, MCRI8363 
5MAL,5MZZCRI8436,Crisp Crush Crystal 60L 1 Lb~S, MCRI8436 
5MAL,5MZZCRI8460,Crisp Crushed Chocolate 6 oz~S, MCRI8460 
5MAL,5MZZCRI8463,Crisp Crush Roast Barley 8oz~S, MCRI8463 
5MAL,5MZZCRI9003,Crisp Crushed Best Ale 25kg, MCRI9003 
5MAL,5MZZCRI9033,Crisp Crush Crystal 45L 25kg~S, MCRI9033 
5MAL,5MZZCRI9034,Crisp Crush Crystal 77L 25kg~S, MCRI9034 
5MAL,5MZZCRI9035,Crisp CrushCrystal 120L 25kg~S, MCRI9035 
5MAL,5MZZCRI9036,Crisp Crushed Crystal 60L 25kg, MCRI9036 
5MAL,5MZZCRI9052,Crisp Crushed Amber 25kg ~S, MCRI9052 
5MAL,5MZZCRI9053,Crisp CrushCaramalt 15L 25kg~S, MCRI9053 
5MAL,5MZZCRI9060,Crisp Crushed Chocolate 25kg~S, MCRI9060 
5MAL,5MZZCRI9061,Crisp CrushPaleChocolate25kg~S, MCRI9061 
5MAL,5MZZCRI9062,Crisp Crushed Black 25kg ~S, MCRI9062 
5MAL,5MZZCRI9063,Crisp CrushRoast Barley 25kg~S, MCRI9063 
5MAL,5MZZDUR1002,Durst TurboPils 25 Kg ~S, MDUR1002 
5MAL,5MZZEUR1001,Crisp European 2-Row 25 kg, MEUR1001 
5MAL,5MZZEUR3001,Crisp European Bulk 2-Row, MEUR3001 
5MAL,5MZZGAM1002,Gambrinus Pale Malt 25 Kg, MGAM1002 
5MAL,5MZZGAM1003,Gambrinus Pilsen  25 Kg, MGAM1003 
5MAL,5MZZGAM1004,Gambrinus ESB 25 Kg, MGAM1004 
5MAL,5MZZGAM1005,Gambrinus Wheat 25 Kg, MGAM1005 
5MAL,5MZZGAM1016,Gambrinus Munich Lt 10L 25 Kg, MGAM1016 
5MAL,5MZZGAM1017,Gambrinus Munich Dk 30-35 25Kg, MGAM1017 
5MAL,5MZZGAM1018,Gambrinus Vienna 25 Kg, MGAM1018 
5MAL,5MZZGAM1051,Gambrinus Honey Malt 25 Kg, MGAM1051 
5MAL,5MZZGAM1055,Gambrinus Honey Malt 50LB, MGAM1055 
5MAL,5MZZGAM1081,Gambrinus Organic 2 Row 25 Kg, MGAM1081 
5MAL,5MZZGAM1082,Gambrinus Organic Pale 25 Kg, MGAM1082 
5MAL,5MZZGAM1083,Gambrinus Organic Pils 25 Kg, MGAM1083 
5MAL,5MZZGAM1084,Gambrinus Organic Wheat 25 Kg, MGAM1084 
5MAL,5MZZGAM1085,Gambrinus Org Munich 10L 25 Kg, MGAM1085 
5MAL,5MZZGAM1091,Gambrinus Pale Rice Malt 25 Kg, MGAM1091 
5MAL,5MZZGAM2002,Gambrinus Pale 1650 Lb Tote, MGAM2002 
5MAL,5MZZGAM2003,Gambrinus Pils 1650 Lb Tote, MGAM2003 
5MAL,5MZZGAM2004,Gambrinus ESB 1650 Lb Tote, MGAM2004 
5MAL,5MZZGAM2016,Gambrinus Munich Lt 10L Tote, MGAM2016 
5MAL,5MZZGAM2017,Gamb Mun Dk 30L 1155 Lb Tote, MGAM2017 
5MAL,5MZZGAM2018,Gambrinus Vienna 1650 Lb Tote, MGAM2018 
5MAL,5MZZGAM2051,Gambrinus Honey 2200 Lb Tote, MGAM2051 
5MAL,5MZZGAM2085,Gamb Org. M10 Tote - 1650 lbs, MGAM2085 
5MAL,5MZZGAM3002,Gambrinus Bulk Pale Ale, MGAM3002 
5MAL,5MZZGAM3016,Gambrinus Bulk Munich Lt 10L, MGAM3016 
5MAL,5MZZGAM3082,Gambrinus Bulk Organic Pale, MGAM3082 
5MAL,5MZZGAM6016,Gambrinus Munich Lt 1 Lb, MGAM6016 
5MAL,5MZZGAM6017,Gambrinus Munich Dk 1 Lb, MGAM6017 
5MAL,5MZZGAM6051,Gambrinus Honey 1 Lb, MGAM6051 
5MAL,5MZZGAM7002,Gambrinus Pale 10 Lb, MGAM7002 
5MAL,5MZZGAM7003,Gambrinus Pilsen 10 Lb, MGAM7003 
5MAL,5MZZGAM7004,Gambrinus ESB 10 Lb, MGAM7004 
5MAL,5MZZGAM7016,Gambrinus Munich Lt 10 Lb, MGAM7016 
5MAL,5MZZGAM7017,Gambrinus Munich Dk 10 Lb, MGAM7017 
5MAL,5MZZGAM7051,Gambrinu Honey 10 Lb, MGAM7051 
5MAL,5MZZHBD1016,HB Lt Carastan 0309 (13-17), MHBD1016 
5MAL,5MZZHBD1017,HB Carastan 0193 (30-37), MHBD1017 
5MAL,5MZZHBD1018,HB Crystal 70-80, MHBD1018 
5MAL,5MZZHBD1019,HB 135-165, MHBD1019 
5MAL,5MZZHBD1051,HB Chocolate, MHBD1051 
5MAL,5MZZHBD1052,HB Black, MHBD1052 
5MAL,5MZZHBD1053,HB Roasted Barley, MHBD1053 
5MAL,5MZZMAL1003,Patagonia Pilsner 25 Kg ~D, MMAL1003 
5MAL,5MZZMAL1004,Patagonia Extra Pale Malt 25Kg, MMAL1004 
5MAL,5MZZMAL1005,Patagonia Vienna  25 Kg, MMAL1005 
5MAL,5MZZMAL1006,Patagonia Munich  25 Kg, MMAL1006 
5MAL,5MZZMAL1016,Patagonia Caramel 15  25 Kg, MMAL1016 
5MAL,5MZZMAL1017,Patagonia Caramel 35  25 Kg, MMAL1017 
5MAL,5MZZMAL1018,Patagonia Caramel 45  25 Kg, MMAL1018 
5MAL,5MZZMAL1019,Patagonia Caramel 55  25 Kg, MMAL1019 
5MAL,5MZZMAL1020,Patagonia Caramel 70  25 Kg, MMAL1020 
5MAL,5MZZMAL1021,Patagonia Especial Malt 140, MMAL1021 
5MAL,5MZZMAL1022,Patagonia Caramel 90  25 Kg, MMAL1022 
5MAL,5MZZMAL1023,Patagonia Caramel 110  25 Kg, MMAL1023 
5MAL,5MZZMAL1024,Patagonia Caramel 170  25 Kg, MMAL1024 
5MAL,5MZZMAL1025,Patagonia Caramel 190  25 Kg, MMAL1025 
5MAL,5MZZMAL1049,Patagonia Brown 115 25Kg, MMAL1049 
5MAL,5MZZMAL1050,Patagonia Coffee 230L  25 Kg, MMAL1050 
5MAL,5MZZMAL1051,Patagonia Chocolate 350 25Kg, MMAL1051 
5MAL,5MZZMAL1052,Patagonia Dk Chocolate450 25Kg, MMAL1052 
5MAL,5MZZMAL1053,Patagonia Black Malt 25 Kg ~D, MMAL1053 
5MAL,5MZZMAL1054,Patagonia Perla Negra 340 25Kg, MMAL1054 
5MAL,5MZZMAL2004,Patagonia Extra Pale Malt Tote, MMAL2004 
5MAL,5MZZMAL2019,Patagonia Caramel 55 Tote, MMAL2019 
5MAL,5MZZMAL2020,Patagonia Caramel 70 Tote, MMAL2020 
5MAL,5MZZMAL6004,Patagonia Extra Pale 1 Lb~D, MMAL6004 
5MAL,5MZZMAL6016,Patagonia Caramel 15L 1 Lb, MMAL6016 
5MAL,5MZZMAL6017,Patagonia Caramel 35L 1 Lb, MMAL6017 
5MAL,5MZZMAL6018,Patagonia Caramel 45L 1 Lb, MMAL6018 
5MAL,5MZZMAL6019,Patagonia Caramel 55L 1 Lb, MMAL6019 
5MAL,5MZZMAL6020,Patagonia Caramel 70L 1 Lb ~S, MMAL6020 
5MAL,5MZZMAL6021,Patagonia Especial 140L 1 Lb, MMAL6021 
5MAL,5MZZMAL6022,Patagonia Caramel 90L 1 Lb, MMAL6022 
5MAL,5MZZMAL6024,Patagonia Caramel 170L 1 Lb, MMAL6024 
5MAL,5MZZMAL6025,Patagonia Caramel 190L 1 Lb, MMAL6025 
5MAL,5MZZMAL6049,Patagonia Brown 115L 1 Lb, MMAL6049 
5MAL,5MZZMAL6050,Patagonia Coffee 230L 1 Lb, MMAL6050 
5MAL,5MZZMAL6051,Patagonia Chocolate 350L 1 Lb, MMAL6051 
5MAL,5MZZMAL6052,Patagonia Dark Choc 450L 1 Lb, MMAL6052 
5MAL,5MZZMAL6054,Patagonia Black Pearl 340 1 Lb, MMAL6054 
5MAL,5MZZMAL7004,Patagonia Extra Pale 10 Lb, MMAL7004 
5MAL,5MZZMAL7016,Patagonia Caramel 15L 10 Lb, MMAL7016 
5MAL,5MZZMAL7017,Patagonia Caramel 35L 10 Lb, MMAL7017 
5MAL,5MZZMAL7018,Patagonia Caramel 45L 10 Lb, MMAL7018 
5MAL,5MZZMAL7019,Patagonia Caramel 55L 10 Lb, MMAL7019 
5MAL,5MZZMAL7020,Patagonia Caramel 70L 10 Lb ~S, MMAL7020 
5MAL,5MZZMAL7021,Patagonia Especial 140L 10 Lb, MMAL7021 
5MAL,5MZZMAL7022,Patagonia Caramel 90L 10 Lb, MMAL7022 
5MAL,5MZZMAL7024,Patagonia Caramel 170L 10 Lb, MMAL7024 
5MAL,5MZZMAL7025,Patagonia Caramel 190L 10 Lb, MMAL7025 
5MAL,5MZZMAL7049,Patagonia Brown 115L 10 Lb, MMAL7049 
5MAL,5MZZMAL7050,Patagonia Coffee 230L 10 Lb, MMAL7050 
5MAL,5MZZMAL7051,Patagonia Chocolate 350L 10 Lb, MMAL7051 
5MAL,5MZZMAL7052,Patagonia Dark Choc 450L 10 Lb, MMAL7052 
5MAL,5MZZMAL7054,Patagonia Perla Negra 340 10Lb, MMAL7054 
5MAL,5MZZMAL8122,Patagonia Crush Cara90 2oz ~S, MMAL8122 
5MAL,5MZZMAL8125,Patagonia Crush Cara190 4 oz~S, MMAL8125 
5MAL,5MZZMAL8154,PatagoniaCrushPerlaNegra12oz~S, MMAL8154 
5MAL,5MZZMAL8254,PatagoniaCrushPerlaNegra 4oz~S, MMAL8254 
5MAL,5MZZMAL9004,Patag ExtraPaleMalt 25kg~Promo, MMAL9004 
5MAL,5MZZMAL9022,Patagonia Crush Cara90 25 Kg~S, MMAL9022 
5MAL,5MZZMAL9025,Patagonia Crush Cara190 25Kg~S, MMAL9025 
5MAL,5MZZMAL9054,PatagoniaCrushPerlaNegra25kg~S, MMAL9054 
5MAL,5MZZMCI1002,Malt Co Ireland Ale Malt25k, MMCI1002 
5MAL,5MZZMCI1003,Malt Co Ireland Lager Malt25~D, MMCI1003 
5MAL,5MZZMCI1071,Malt Co Ireland Stout Malt25k, MMCI1071 
5MAL,5MZZMCI1072,Malt Co Ireland Distill Malt, MMCI1072 
5MAL,5MZZMCI2002,Malt Co Ireland Ale Malt Tote, MMCI2002 
5MAL,5MZZMCI2071,Malt Co Ireland Stout Tote, MMCI2071 
5MAL,5MZZMCI2072,Malt Co Ireland Distill Tote, MMCI2072 
5MAL,5MZZMCI3002,Malt Co Ireland Ale Bulk, MMCI3002 
5MAL,5MZZMCI3003,Malt Co Ireland Lager Bulk, MMCI3003 
5MAL,5MZZMCI3071,Malt Co Ireland Stout Bulk, MMCI3071 
5MAL,5MZZMCI3072,Malt Co Ireland Distill Bulk, MMCI3072 
5MAL,5MZZMCI7002,Malt Co Ireland Ale Malt 10 Lb, MMCI7002 
5MAL,5MZZMCI7003,Malt Co Ireland Lager 10 Lb~D, MMCI7003 
5MAL,5MZZMCI7071,Malt Co Ireland Stout 10 Lb, MMCI7071 
5MAL,5MZZMCI7072,Malt Co Ireland Distill 10 Lb, MMCI7072 
5MAL,5MZZMUN1005,Muntons Mild Ale 25 Kg~D, MMUN1005 
5MAL,5MZZMUN2001,Muntons Maris Otter® Tote, MMUN2001 
5MAL,5MZZMUN2003,Muntons Pale Pearl Tote, MMUN2003 
5MAL,5MZZMUN9033,Muntons Crystal Milled 25 Kg~S, MMUN9033 
5MAL,5MZZMUN9035,Muntons DkCrystalMilled 25Kg~S, MMUN9035 
5MAL,5MZZOIO1001,OIO English Pale Ale 25 Kg, MOIO1001 
5MAL,5MZZOIO1002,OIO Maris Otter Blend 25 Kg, MOIO1002 
5MAL,5MZZOIO1003,OIO English Maris Otter 25 Kg, MOIO1003 
5MAL,5MZZOIO2002,OIO Maris Otter Blend Totes, MOIO2002 
5MAL,5MZZRAH1001,Rahr 6-Row 50 Lb, MRAH1001 
5MAL,5MZZRAH1002,Rahr Std. 2 Row 50 Lb 2P, MRAH1002 
5MAL,5MZZRAH1003,Rahr Std (ALIX) 2Row 55Lb, MRAH1003 
5MAL,5MZZRAH1004,Rahr Pale Ale 50 Lb 2C, MRAH1004 
5MAL,5MZZRAH1005,Rahr Premium Pilsner 50 Lb 2B, MRAH1005 
5MAL,5MZZRAH1006,Rahr Old World Pilsner 2E 50Lb, MRAH1006 
5MAL,5MZZRAH1007,Rahr Std (ALIX) 2R 55Lb DIRECT, MRAH1007 
5MAL,5MZZRAH1008,Rahr White Wheat 50 Lb, MRAH1008 
5MAL,5MZZRAH1009,Rahr Red Wheat 50 Lb, MRAH1009 
5MAL,5MZZRAH1071,Rahr DP Distillers Malt 50 Lb, MRAH1071 
5MAL,5MZZRAH1101,Rahr 6-Row 55 Lb, MRAH1101 
5MAL,5MZZRAH1102,Rahr Std. 2 Row 55 Lb 2P, MRAH1102 
5MAL,5MZZRAH1104,Rahr Pale Ale 55 Lb 2C, MRAH1104 
5MAL,5MZZRAH1105,Rahr Premium Pilsner 55 Lb 2B, MRAH1105 
5MAL,5MZZRAH1106,Rahr Old World Pilsner 2E 55Lb, MRAH1106 
5MAL,5MZZRAH1108,Rahr White Wheat 55 Lb, MRAH1108 
5MAL,5MZZRAH1109,Rahr Red Wheat 55 Lb, MRAH1109 
5MAL,5MZZRAH1110,Rahr Unmalted White Wheat 55Lb, MRAH1110 
5MAL,5MZZRAH1111,Rahr DP Distillers Malt 55 Lb, MRAH1111 
5MAL,5MZZRAH1123,Rahr Craft 2Row Blend 2J 55 lb, MRAH1123 
5MAL,5MZZRAH1138,Rahr 2H 55 Lb, MRAH1138 
5MAL,5MZZRAH1152,Rahr 2-Row Synergy Malt 55 Lb, MRAH1152 
5MAL,5MZZRAH1180,Rahr Bulk 2PS Pinnacle 55 lb, MRAH1180 
5MAL,5MZZRAH2001,Rahr Std 6R Tote, MRAH2001 
5MAL,5MZZRAH2002,Rahr Std 2R Tote, MRAH2002 
5MAL,5MZZRAH2004,Rahr PaleAle Tote, MRAH2004 
5MAL,5MZZRAH2005,Rahr Prem Pilsner Tote, MRAH2005 
5MAL,5MZZRAH2006,Rahr OldWorld PilsTote, MRAH2006 
5MAL,5MZZRAH2008,Rahr White WheatTote, MRAH2008 
5MAL,5MZZRAH2009,Rahr Red Wheat Tote, MRAH2009 
5MAL,5MZZRAH2010,"Rahr 6-R Raw Barley,Clean,UnM", MRAH2010 
5MAL,5MZZRAH2011,Rahr Unmltd White W 2200lb Tot, MRAH2011 
5MAL,5MZZRAH2023,Rahr Craft 2Row Blend 2J Tote, MRAH2023 
5MAL,5MZZRAH2038,Rahr 2H Tote, MRAH2038 
5MAL,5MZZRAH2071,Rahr DP Distillers Malt Totes, MRAH2071 
5MAL,5MZZRAH2072,Rahr New Glarus IP Malt 2G, MRAH2072 
5MAL,5MZZRAH2073,Rahr Coors Blend 2M, MRAH2073 
5MAL,5MZZRAH2074,Rahr Meredith Totes, MRAH2074 
5MAL,5MZZRAH2075,Rahr Pinnacle Totes, MRAH2075 
5MAL,5MZZRAH2080,Rahr 2PS Pinnacle Totes, MRAH2080 
5MAL,5MZZRAH2085,Rahr 2F Pin/Mere/Har Bl Totes, MRAH2085 
5MAL,5MZZRAH2102,Rahr Std 2R Tote 2200 lbs, MRAH2102 
5MAL,5MZZRAH2104,Rahr PaleAle Tote 2200 lbs, MRAH2104 
5MAL,5MZZRAH2105,Rahr PremPilsner Tote 2200 lbs, MRAH2105 
5MAL,5MZZRAH2108,Rahr White WheatTote 2200 lbs, MRAH2108 
5MAL,5MZZRAH2152,Rahr 2-Row Synergy Malt Totes, MRAH2152 
5MAL,5MZZRAH2180,Rahr 2PS Pinnacle Tote 2200 lb, MRAH2180 
5MAL,5MZZRAH2202,Rahr Std 2R Tote 1500 lbs, MRAH2202 
5MAL,5MZZRAH2302,Rahr Std 2R Tote 1000 lbs, MRAH2302 
5MAL,5MZZRAH2402,Rahr Std 2R Tote 1540 lbs, MRAH2402 
5MAL,5MZZRAH6001,Rahr 6-Row 1 Lb, MRAH6001 
5MAL,5MZZRAH6002,Rahr Standard 2-Row 1 Lb, MRAH6002 
5MAL,5MZZRAH6004,Rahr Pale Ale 1 Lb, MRAH6004 
5MAL,5MZZRAH6005,Rahr Premium Pilsner 1 Lb, MRAH6005 
5MAL,5MZZRAH6008,Rahr White Wheat 1 Lb, MRAH6008 
5MAL,5MZZRAH6009,Rahr Red Wheat 1 Lb, MRAH6009 
5MAL,5MZZRAH7001,Rahr 6-Row 10 Lb, MRAH7001 
5MAL,5MZZRAH7002,Rahr Standard 2-Row 10 Lb, MRAH7002 
5MAL,5MZZRAH7004,Rahr Pale Ale 10 Lb, MRAH7004 
5MAL,5MZZRAH7005,Rahr Premium Pilsner 10 Lb, MRAH7005 
5MAL,5MZZRAH7008,Rahr White Wheat 10 Lb, MRAH7008 
5MAL,5MZZRAH7009,Rahr Red Wheat 10 Lb, MRAH7009 
5MAL,5MZZRAH8101,Rahr Crushed 6-Row 8 oz ~S, MRAH8101 
5MAL,5MZZRAH8201,Rahr Crushed 6-Row 4 oz ~S, MRAH8201 
5MAL,5MZZRAH9001,Rahr Crushed 6-Row 50 Lb ~S, MRAH9001 
5MAL,5MZZSIM1001,Sim Finest Maris Otter® 25kg, MSIM1001 
5MAL,5MZZSIM1002,Sim Finest Golden Promise 25kg, MSIM1002 
5MAL,5MZZSIM1003,Simpsons Finest Lager 25 kg, MSIM1003 
5MAL,5MZZSIM1004,Simpsons Best Pale Ale 25 kg, MSIM1004 
5MAL,5MZZSIM1011,Sim Low Colour MarisOtter 25kg, MSIM1011 
5MAL,5MZZSIM1013,Simpsons Red Rye Crystal 25 kg, MSIM1013 
5MAL,5MZZSIM1015,Simpsons Munich Malt 25 kg, MSIM1015 
5MAL,5MZZSIM1016,Simpsons Aromatic Malt 25 kg, MSIM1016 
5MAL,5MZZSIM1017,Simpsons Vienna Malt 25 kg, MSIM1017 
5MAL,5MZZSIM1018,Simpsons Imperial Malt 25 kg, MSIM1018 
5MAL,5MZZSIM1019,Simpsons Dextrin Malt 25 kg, MSIM1019 
5MAL,5MZZSIM1030,Sim Prem Eng Caramalt 25kg, MSIM1030 
5MAL,5MZZSIM1031,Simpsons Caramalt 25kg, MSIM1031 
5MAL,5MZZSIM1032,Simpsons Crystal Light 25kg, MSIM1032 
5MAL,5MZZSIM1033,Simpsons Crystal Medium 25kg, MSIM1033 
5MAL,5MZZSIM1034,Simpsons Crystal Dark 25kg, MSIM1034 
5MAL,5MZZSIM1035,Sim Crystal Extra Dark 25kg, MSIM1035 
5MAL,5MZZSIM1036,Simpsons Heritage Malt 25kg, MSIM1036 
5MAL,5MZZSIM1037,Simpsons Crystal Darker 25kg~S, MSIM1037 
5MAL,5MZZSIM1038,Sim Double Roasted Crystal25kg, MSIM1038 
5MAL,5MZZSIM1039,Sim Crystal T50 Sierra 25kg~S, MSIM1039 
5MAL,5MZZSIM1040,Sim Crystal MedDark T70 25kg~S, MSIM1040 
5MAL,5MZZSIM1041,Simpsons Crystal T50 25kg, MSIM1041 
5MAL,5MZZSIM1051,Simpsons Chocolate Malt 25kg, MSIM1051 
5MAL,5MZZSIM1052,Simpsons Black Malt 25kg, MSIM1052 
5MAL,5MZZSIM1053,Simpsons Roasted Barley 25 kg, MSIM1053 
5MAL,5MZZSIM1054,Sim Brown (Coffee) Malt 25kg, MSIM1054 
5MAL,5MZZSIM1055,Simpsons Coffee Wheat 25Kg, MSIM1055 
5MAL,5MZZSIM1056,Simpsons All Star Malt 25Kg, MSIM1056 
5MAL,5MZZSIM1058,Simpsons Amber Malt 25Kg, MSIM1058 
5MAL,5MZZSIM1070,Simpsons Malted Oats 25kg, MSIM1070 
5MAL,5MZZSIM1071,Sim Golden Naked Oats® 25kg, MSIM1071 
5MAL,5MZZSIM1072,Simpsons Peated Malt 25kg, MSIM1072 
5MAL,5MZZSIM1073,Simpsons Pot Still Malt 25kg, MSIM1073 
5MAL,5MZZSIM1075,Simp Heavy Peated Malt 25kg, MSIM1075 
5MAL,5MZZSIM1090,Simpsons Rye Malt 25kg, MSIM1090 
5MAL,5MZZSIM1171,Sim Golden Naked Oats® 50LB~S, MSIM1171 
5MAL,5MZZSIM2001,Sim Finest Maris Otter® Totes, MSIM2001 
5MAL,5MZZSIM2002,Simpsons Golden Promise Tote, MSIM2002 
5MAL,5MZZSIM2003,Simpsons Finest Lager Tote, MSIM2003 
5MAL,5MZZSIM2004,Simpsons Best Pale Ale Tote, MSIM2004 
5MAL,5MZZSIM2016,Simpsons Aromatic Tote 2200 lb, MSIM2016 
5MAL,5MZZSIM2019,Simpsons Dextrin Tote 2200 lb, MSIM2019 
5MAL,5MZZSIM2030,Simp Prem Eng Caramalt Tote, MSIM2030 
5MAL,5MZZSIM2031,Simpsons Caramalt Tote, MSIM2031 
5MAL,5MZZSIM2032,Simpsons Crystal Light Tote, MSIM2032 
5MAL,5MZZSIM2033,Simpsons Crystal Medium Tote, MSIM2033 
5MAL,5MZZSIM2034,Simpsons Crystal Dark Tote, MSIM2034 
5MAL,5MZZSIM2039,Simps Crystal Sierra Tote~S, MSIM2039 
5MAL,5MZZSIM2041,Simps Crystal Lagunitas Tote~S, MSIM2041 
5MAL,5MZZSIM2051,Simpsons Chocolate Tote, MSIM2051 
5MAL,5MZZSIM2054,Simpsons Coffee (Brown) Tote, MSIM2054 
5MAL,5MZZSIM2071,Simpsons Golden Naked Oat®Tote, MSIM2071 
5MAL,5MZZSIM2072,Simpsons Peated Malt Totes, MSIM2072 
5MAL,5MZZSIM2073,Simpson Pot Still Malt Tote, MSIM2073 
5MAL,5MZZSIM2074,Sim Peated Golden Promise Tote, MSIM2074 
5MAL,5MZZSIM2075,Simp Heavy Peated Malt Tote, MSIM2075 
5MAL,5MZZSIM2101,Sim Finest MO Tote 1320 lbs, MSIM2101 
5MAL,5MZZSIM3001,Sim Finest Maris Otter® Bulk, MSIM3001 
5MAL,5MZZSIM3002,Sim Finest Golden Promise Bulk, MSIM3002 
5MAL,5MZZSIM3003,Simpsons Finest Lager Bulk, MSIM3003 
5MAL,5MZZSIM3030,Simp Prem Eng Caramalt Bulk, MSIM3030 
5MAL,5MZZSIM3032,Simpsons Crystal Light Bulk, MSIM3032 
5MAL,5MZZSIM3033,Simpsons Crystal Medium Bulk, MSIM3033 
5MAL,5MZZSIM3034,Simpsons Crystal Dark Bulk, MSIM3034 
5MAL,5MZZSIM3039,Simpsons Crystal Sierra Bulk~S, MSIM3039 
5MAL,5MZZSIM3073,Simpsons Pot Still Malt Bulk, MSIM3073 
5MAL,5MZZSIM3075,Simp Heavy Peated Malt Bulk, MSIM3075 
5MAL,5MZZSIM6013,Simpsons Red Rye Crystal 1 Lb, MSIM6013 
5MAL,5MZZSIM6016,Simpsons Aromatic Malt 1 Lb, MSIM6016 
5MAL,5MZZSIM6030,Sim Prem Eng Caramalt 1Lb, MSIM6030 
5MAL,5MZZSIM6031,Simpsons Caramalt 1 Lb, MSIM6031 
5MAL,5MZZSIM6032,Simpsons Crystal Light 1 Lb, MSIM6032 
5MAL,5MZZSIM6033,Simpsons Crystal Medium 1Lb, MSIM6033 
5MAL,5MZZSIM6034,Simpsons Crystal Dark 1 Lb, MSIM6034 
5MAL,5MZZSIM6035,Sim Crystal Extra Dark 1 Lb, MSIM6035 
5MAL,5MZZSIM6038,Sim Dble Roasted Crystal 1Lb, MSIM6038 
5MAL,5MZZSIM6051,Simpsons Chocolate Malt 1 Lb, MSIM6051 
5MAL,5MZZSIM6052,Simpsons Black Malt 1 Lb, MSIM6052 
5MAL,5MZZSIM6053,Simpsons Roasted Barley 1 Lb, MSIM6053 
5MAL,5MZZSIM6054,Sim Brown (Coffee) Malt 1 Lb, MSIM6054 
5MAL,5MZZSIM6058,Simpsons Amber Malt 1 Lb, MSIM6058 
5MAL,5MZZSIM6071,Simpsons Golden Naked Oats®1Lb, MSIM6071 
5MAL,5MZZSIM6072,Simpsons Peated Malt 1 Lb, MSIM6072 
5MAL,5MZZSIM7001,Sim Finest Maris Otter® 10 Lb, MSIM7001 
5MAL,5MZZSIM7002,Simpsons Golden Promise 10 Lb, MSIM7002 
5MAL,5MZZSIM7004,Simpsons Best Pale Ale 10 Lb, MSIM7004 
5MAL,5MZZSIM7013,Simpsons Red Rye Crystal 10 Lb, MSIM7013 
5MAL,5MZZSIM7016,Simpsons Aromatic Malt 10 Lb, MSIM7016 
5MAL,5MZZSIM7030,Sim Prem Eng CaraMalt 10 Lb, MSIM7030 
5MAL,5MZZSIM7031,Simpsons Caramalt 10 Lb, MSIM7031 
5MAL,5MZZSIM7032,Simpsons Crystal Light 10 Lb, MSIM7032 
5MAL,5MZZSIM7033,Simpsons Crystal Medium 10Lb, MSIM7033 
5MAL,5MZZSIM7034,Simpsons Crystal Dark 10 Lb, MSIM7034 
5MAL,5MZZSIM7035,Sim Crystal Extra Dark 10 Lb, MSIM7035 
5MAL,5MZZSIM7038,Sim Dbl Roasted Crystal 10 Lb, MSIM7038 
5MAL,5MZZSIM7051,Simpsons Chocolate Malt 10 Lb, MSIM7051 
5MAL,5MZZSIM7052,Simpsons Black Malt 10 Lb, MSIM7052 
5MAL,5MZZSIM7053,Simpson Roasted Barley 10 Lb, MSIM7053 
5MAL,5MZZSIM7054,Sim Brown (Coffee) Malt 10 Lb, MSIM7054 
5MAL,5MZZSIM7058,Simpsons Amber Malt 10 Lb, MSIM7058 
5MAL,5MZZSIM7071,Simpsons Golden Naked Oat®10Lb, MSIM7071 
5MAL,5MZZSIM7072,Simpsons Peated Malt 10 Lb, MSIM7072 
5MAL,5MZZSIM8172,Simpsons Crushed Peated 2 oz~S, MSIM8172 
5MAL,5MZZSIM9072,Simpsons Crushed Peated 25kg~S, MSIM9072 
5MAL,5MZZWEY1002,Weyermann® Pale Ale 25 Kg, MWEY1002 
5MAL,5MZZWEY1003,Weyermann® Pilsner 25 Kg, MWEY1003 
5MAL,5MZZWEY1004,Weyermann® BohemianPilsner25Kg, MWEY1004 
5MAL,5MZZWEY1005,Weyermann® Pale Wheat 25 Kg, MWEY1005 
5MAL,5MZZWEY1006,Weyermann® Dark Wheat 25 Kg, MWEY1006 
5MAL,5MZZWEY1008,Weyermann® Dark RyeMalt25Kg~S, MWEY1008 
5MAL,5MZZWEY1009,Weyermann® Rye (Pale) Malt25Kg, MWEY1009 
5MAL,5MZZWEY1010,Wey® F/M Bohemian Pilsner 25Kg, MWEY1010 
5MAL,5MZZWEY1011,Weyermann® Premium Pilsner25Kg, MWEY1011 
5MAL,5MZZWEY1012,Weyermann® Barke® Pilsner 25Kg, MWEY1012 
5MAL,5MZZWEY1013,Weyermann®Barke®Vienna 25Kg, MWEY1013 
5MAL,5MZZWEY1014,Weyermann®Barke®Munich 25Kg, MWEY1014 
5MAL,5MZZWEY1015,Weyermann®Cologne(Kolsch) 25kg, MWEY1015 
5MAL,5MZZWEY1016,Weyermann® Vienna 25 Kg, MWEY1016 
5MAL,5MZZWEY1017,Weyermann® Munich LtType1 25Kg, MWEY1017 
5MAL,5MZZWEY1018,Weyermann® Munich DkType2 25Kg, MWEY1018 
5MAL,5MZZWEY1019,Weyermann® Melanoidin 25 Kg, MWEY1019 
5MAL,5MZZWEY1021,Wey® F/M Bohemian Dark 25Kg, MWEY1021 
5MAL,5MZZWEY1031,Weyermann® Caramunich® 1 25 Kg, MWEY1031 
5MAL,5MZZWEY1032,Weyermann® Caramunich® 2 25 Kg, MWEY1032 
5MAL,5MZZWEY1033,Weyermann® Caramunich® 3 25 Kg, MWEY1033 
5MAL,5MZZWEY1034,Weyermann® CaraWheat® 25 Kg, MWEY1034 
5MAL,5MZZWEY1035,Weyermann® Special W® 25 Kg, MWEY1035 
5MAL,5MZZWEY1051,Weyermann® Carafa® 1 25 Kg, MWEY1051 
5MAL,5MZZWEY1052,Weyermann® Carafa® 2 25 Kg, MWEY1052 
5MAL,5MZZWEY1053,Weyermann® Carafa® 3 25 Kg, MWEY1053 
5MAL,5MZZWEY1054,Weyermann® Chocolate Rye 25 Kg, MWEY1054 
5MAL,5MZZWEY1055,Weyermann® Chocolate Wheat25Kg, MWEY1055 
5MAL,5MZZWEY1056,Weyermann® Carafoam® 25 Kg, MWEY1056 
5MAL,5MZZWEY1057,Weyermann® Carahell® 25 Kg, MWEY1057 
5MAL,5MZZWEY1058,Weyermann® Abbey® Malt 25 Kg, MWEY1058 
5MAL,5MZZWEY1059,Weyermann® CaraBelge® 25 Kg, MWEY1059 
5MAL,5MZZWEY1061,Weyermann® CaraRed® 25 Kg, MWEY1061 
5MAL,5MZZWEY1062,Weyermann® CaraAmber® 25 Kg, MWEY1062 
5MAL,5MZZWEY1063,Weyermann®CaraAroma® 25 Kg, MWEY1063 
5MAL,5MZZWEY1064,Weyermann® CaraBohemian® 25 Kg, MWEY1064 
5MAL,5MZZWEY1065,Weyermann®Carafa®DeHusk 1 Spec, MWEY1065 
5MAL,5MZZWEY1066,Weyermann®Carafa®Dehusk 2 Spec, MWEY1066 
5MAL,5MZZWEY1067,Weyermann®Carafa®Dehusk 3 Spec, MWEY1067 
5MAL,5MZZWEY1068,Weyermann® CaraRye® 25 Kg, MWEY1068 
5MAL,5MZZWEY1069,Weyermann® Roasted Rye 25Kg, MWEY1069 
5MAL,5MZZWEY1070,Wey® Eraclea Pilsner 25 Kg, MWEY1070 
5MAL,5MZZWEY1071,Wey® Beech Smokd Bar Malt 25Kg, MWEY1071 
5MAL,5MZZWEY1072,Weyermann® Acidulated 25 Kg, MWEY1072 
5MAL,5MZZWEY1073,Weyermann® Roasted Barley 25Kg, MWEY1073 
5MAL,5MZZWEY1074,Wey® Oak Smokd Wheat Malt 25Kg, MWEY1074 
5MAL,5MZZWEY1075,Weyermann® DiastaticWheat25 Kg, MWEY1075 
5MAL,5MZZWEY1076,Wey® F/M Bohemian Wheat 25Kg, MWEY1076 
5MAL,5MZZWEY1077,Weyermann® CaraRye® Flour 25Kg, MWEY1077 
5MAL,5MZZWEY1078,Wey® Dk Rsted Barley Grit 20Kg, MWEY1078 
5MAL,5MZZWEY1079,Weyermann® Chit Malt 25 Kg~D, MWEY1079 
5MAL,5MZZWEY1080,Wey® BIOLAND Org Pale Ale 25Kg, MWEY1080 
5MAL,5MZZWEY1081,Wey® BIOLAND Org Pilsner 25Kg, MWEY1081 
5MAL,5MZZWEY1082,Wey® BIOLAND Org Vienna 25 Kg, MWEY1082 
5MAL,5MZZWEY1083,Wey® BIOLAND Org Lt Wheat25Kg, MWEY1083 
5MAL,5MZZWEY1086,Wey® BIOLAND Org Carafa®25 Kg, MWEY1086 
5MAL,5MZZWEY1087,Wey®BIOLANDOrgCaramunich®25Kg, MWEY1087 
5MAL,5MZZWEY1088,Wey® BIOLAND Org Carahell®25Kg, MWEY1088 
5MAL,5MZZWEY1089,Wey® BIOLAND Org Choc Rye 25Kg, MWEY1089 
5MAL,5MZZWEY1090,Weyermann® Spelt Malt 25 Kg, MWEY1090 
5MAL,5MZZWEY1091,Wey®BIOLAND Org SpeltMalt25Kg, MWEY1091 
5MAL,5MZZWEY1092,Wey® Diastatic Barley 25 Kg, MWEY1092 
5MAL,5MZZWEY1093,Wey® Choco Spelt Malt 25 Kg, MWEY1093 
5MAL,5MZZWEY1094,Wey® BIOLAND Org RyeMalt 25Kg, MWEY1094 
5MAL,5MZZWEY1095,Wey®BIOLAND Org CaraAroma®25Kg, MWEY1095 
5MAL,5MZZWEY1096,Wey®BIOLAND Org Acidulated25Kg, MWEY1096 
5MAL,5MZZWEY1097,Wey®BIOLAND Org Carafoam® 25Kg, MWEY1097 
5MAL,5MZZWEY1098,Wey® BIOLAND Org Munich 25Kg, MWEY1098 
5MAL,5MZZWEY1099,Wey® BIOLAND Org CaraRed® 25Kg, MWEY1099 
5MAL,5MZZWEY1101,Wey® BIOLAND Org BeechSmk®25Kg, MWEY1101 
5MAL,5MZZWEY2002,Weyermann® Pale Tote, MWEY2002 
5MAL,5MZZWEY2003,Weyermann® Pilsner Totes, MWEY2003 
5MAL,5MZZWEY2004,Weyermann® Bohemian Pils Tote, MWEY2004 
5MAL,5MZZWEY2005,Weyermann® Pale Wheat Totes, MWEY2005 
5MAL,5MZZWEY2009,Weyermann® Rye (Pale) Totes, MWEY2009 
5MAL,5MZZWEY2010,Weyermann® F/M Bohem Pils Tote, MWEY2010 
5MAL,5MZZWEY2011,Weyermann® Premium PilsnerTote, MWEY2011 
5MAL,5MZZWEY2012,Weyermann® Barke® Pilsner Tote, MWEY2012 
5MAL,5MZZWEY2013,Weyermann®Barke®Vienna Tote, MWEY2013 
5MAL,5MZZWEY2014,Weyermann®Barke®Munich Tote, MWEY2014 
5MAL,5MZZWEY2016,Weyermann® Vienna Totes, MWEY2016 
5MAL,5MZZWEY2017,Weyermann® Munich Lt Totes, MWEY2017 
5MAL,5MZZWEY2018,Weyermann® Munich Dk Totes, MWEY2018 
5MAL,5MZZWEY2019,Weyermann® Melanoidin Tote, MWEY2019 
5MAL,5MZZWEY2031,Weyermann® Caramunich® 1 Totes, MWEY2031 
5MAL,5MZZWEY2033,Weyermann® Caramunich® 3 Totes, MWEY2033 
5MAL,5MZZWEY2056,Weyermann® Carafoam® Tote, MWEY2056 
5MAL,5MZZWEY2057,Weyermann® Carahell® Totes, MWEY2057 
5MAL,5MZZWEY2058,Weyermann® Abbey® Tote, MWEY2058 
5MAL,5MZZWEY2059,Weyermann® CaraBelge® Tote, MWEY2059 
5MAL,5MZZWEY2061,Weyermann® CaraRed® Tote, MWEY2061 
5MAL,5MZZWEY2062,Wey® CaraAmber® 2200 lb Tote, MWEY2062 
5MAL,5MZZWEY2066,Weyermann® Carafe®2 DehuskTote, MWEY2066 
5MAL,5MZZWEY2067,Weyermann® Carafe®3 DehuskTote, MWEY2067 
5MAL,5MZZWEY2071,Wey® Beech Smokd Bar Malt Tote, MWEY2071 
5MAL,5MZZWEY2072,Weyermann® Acidulated Tote, MWEY2072 
5MAL,5MZZWEY2073,Weyermann® Roasted Barley Tote, MWEY2073 
5MAL,5MZZWEY2074,Weyermann® Oak Smk Wheat Tote, MWEY2074 
5MAL,5MZZWEY2079,Wey® CaraAmber® 1625 lb Tote, MWEY2079 
5MAL,5MZZWEY2080,Wey® BIOLAND Org Pale Ale Tote, MWEY2080 
5MAL,5MZZWEY2081,Weyermann® Organic PilsnerTote, MWEY2081 
5MAL,5MZZWEY2082,Weyermann® Organic Vienna Tote, MWEY2082 
5MAL,5MZZWEY2083,Weyermann® Org Pale Wheat Tote, MWEY2083 
5MAL,5MZZWEY2090,Weyermann® Spelt Malt Tote, MWEY2090 
5MAL,5MZZWEY2092,Wey®ORGANIC Stout BlendTote~S, MWEY2092 
5MAL,5MZZWEY2093,Wey®ORGANIC PaleAleBlendTote~S, MWEY2093 
5MAL,5MZZWEY2094,Weyermann® Mel / Acid Tote, MWEY2094 
5MAL,5MZZWEY2095,Weyermann® Mixed Tote, MWEY2095 
5MAL,5MZZWEY2096,Weyer® B20-12-1 Tote  (Pitz), MWEY2096 
5MAL,5MZZWEY2097,Weyer® B20-12-2 Tote  (Pitz), MWEY2097 
5MAL,5MZZWEY2098,Weyer® B20-12-3 Tote  (Pitz), MWEY2098 
5MAL,5MZZWEY2099,Wey®/2 Bros Domaine Dup Totes, MWEY2099 
5MAL,5MZZWEY2109,Wey® Rye (Pale) 1815 lb Totes, MWEY2109 
5MAL,5MZZWEY2117,Wey® Munich Lt 2035 lb Tote, MWEY2117 
5MAL,5MZZWEY2118,Wey® Munich Dk® 2035 lb Tote, MWEY2118 
5MAL,5MZZWEY2156,Wey® Carafoam® 1485 lb Tote, MWEY2156 
5MAL,5MZZWEY2157,Wey® Carahell® 1235 lb Tote, MWEY2157 
5MAL,5MZZWEY2162,Wey® CaraAmber® 1845 lb Tote, MWEY2162 
5MAL,5MZZWEY2172,Wey® Acidulated 1000 lb Tote, MWEY2172 
5MAL,5MZZWEY2209,Wey® Rye (Pale) 1183 lb Totes, MWEY2209 
5MAL,5MZZWEY2217,Wey® Munich Lt 2090 lb Tote, MWEY2217 
5MAL,5MZZWEY2257,Wey® Carahell® 1000 lb Tote, MWEY2257 
5MAL,5MZZWEY2272,Wey® Acidulated 1980 lb Tote, MWEY2272 
5MAL,5MZZWEY2357,Wey® Carahell® 950 lb Tote, MWEY2357 
5MAL,5MZZWEY2457,Wey® Carahell® 2000 lb Tote, MWEY2457 
5MAL,5MZZWEY3002,Weyermann® Pale Ale Bulk, MWEY3002 
5MAL,5MZZWEY3003,Weyermann® Pilsner Bulk, MWEY3003 
5MAL,5MZZWEY3004,Weyermann®BohemianPilsner Bulk, MWEY3004 
5MAL,5MZZWEY3005,Weyermann® Pale Wheat Bulk, MWEY3005 
5MAL,5MZZWEY3011,Weyermann®Premium Pilsner Bulk, MWEY3011 
5MAL,5MZZWEY3012,Weyermann® Barke® Pilsner Bulk, MWEY3012 
5MAL,5MZZWEY3016,Weyermann® Vienna Malt Bulk, MWEY3016 
5MAL,5MZZWEY3017,Weyermann® Munich LtType1 Bulk, MWEY3017 
5MAL,5MZZWEY3019,Weyermann® Melanoidin Bulk, MWEY3019 
5MAL,5MZZWEY3056,Weyermann® Carafoam® Bulk, MWEY3056 
5MAL,5MZZWEY3057,Weyermann® Carahell® Bulk, MWEY3057 
5MAL,5MZZWEY3061,Weyermann® CaraRed® Bulk, MWEY3061 
5MAL,5MZZWEY3095,Weyermann® Blend M1/M2 Bulk, MWEY3095 
5MAL,5MZZWEY6005,Weyermann® Lt Wheat Malt 1 Lb, MWEY6005 
5MAL,5MZZWEY6006,Weyermann® Drk Wheat Malt 1 Lb, MWEY6006 
5MAL,5MZZWEY6009,Weyermann® Rye (Pale) Malt 1Lb, MWEY6009 
5MAL,5MZZWEY6013,Weyermann®Barke®Vienna 1 Lb, MWEY6013 
5MAL,5MZZWEY6014,Weyermann®Barke®Munich 1 Lb, MWEY6014 
5MAL,5MZZWEY6016,Weyermann® Vienna Malt 1 Lb, MWEY6016 
5MAL,5MZZWEY6017,Weyermann® Munich Type1 1 Lb, MWEY6017 
5MAL,5MZZWEY6018,Weyermann® Munich Type2 1 Lb, MWEY6018 
5MAL,5MZZWEY6019,Weyermann® Melanoidin Malt 1Lb, MWEY6019 
5MAL,5MZZWEY6021,Weyermann® F/M Bohem Dark 1Lb, MWEY6021 
5MAL,5MZZWEY6031,Weyermann® Caramunich® I 1 Lb, MWEY6031 
5MAL,5MZZWEY6032,Weyermann® Caramunich® II 1 Lb, MWEY6032 
5MAL,5MZZWEY6033,Weyermann® Caramunich® III 1Lb, MWEY6033 
5MAL,5MZZWEY6034,Weyermann® CaraWheat® 1Lb, MWEY6034 
5MAL,5MZZWEY6051,Weyermann® Carafa® I 1 Lb, MWEY6051 
5MAL,5MZZWEY6052,Weyermann® Carafa® II 1 Lb, MWEY6052 
5MAL,5MZZWEY6053,Weyermann® Carafa® III 1 Lb, MWEY6053 
5MAL,5MZZWEY6054,Weyermann®Chocolate Rye 1 Lb, MWEY6054 
5MAL,5MZZWEY6055,Weyermann®Chocolate Wheat 1 Lb, MWEY6055 
5MAL,5MZZWEY6056,Weyermann® Carafoam® Malt 1 Lb, MWEY6056 
5MAL,5MZZWEY6057,Weyermann® Carahell® Malt 1 Lb, MWEY6057 
5MAL,5MZZWEY6058,Weyermann® Abbey® Malt 1 Lb, MWEY6058 
5MAL,5MZZWEY6059,Weyermann® CaraBelge® 1 Lb, MWEY6059 
5MAL,5MZZWEY6061,Weyermann®CaraRed® Malt 1 Lb, MWEY6061 
5MAL,5MZZWEY6062,Weyermann®CaraAmber® Malt 1 Lb, MWEY6062 
5MAL,5MZZWEY6063,Weyermann®CaraAroma® Malt 1 Lb, MWEY6063 
5MAL,5MZZWEY6064,Weyermann®CaraBohemian® 1 Lb, MWEY6064 
5MAL,5MZZWEY6065,Weyermann® DH Carafa® I 1 Lb, MWEY6065 
5MAL,5MZZWEY6066,Weyermann® DH Carafa® II 1 Lb, MWEY6066 
5MAL,5MZZWEY6067,Weyermann® DH Carafa® III 1 Lb, MWEY6067 
5MAL,5MZZWEY6068,Weyermann® CaraRye® 1 Lb, MWEY6068 
5MAL,5MZZWEY6071,Wey® Beech Smoked Malt 1 Lb, MWEY6071 
5MAL,5MZZWEY6072,Weyermann® Acidulated Malt 1Lb, MWEY6072 
5MAL,5MZZWEY6073,Weyermann® Roasted Barley 1 Lb, MWEY6073 
5MAL,5MZZWEY6074,Wey® Oak Smokd Wheat Malt 1 Lb, MWEY6074 
5MAL,5MZZWEY6076,Weyermann® F/M Boh Wheat 1 Lb, MWEY6076 
5MAL,5MZZWEY6081,Weyermann®Org Pilsner Malt 1Lb, MWEY6081 
5MAL,5MZZWEY6082,Weyermann®Org Vienna Malt 1 Lb, MWEY6082 
5MAL,5MZZWEY6083,Weyermann® Org Lt Wheat 1 Lb, MWEY6083 
5MAL,5MZZWEY6084,Weyermann® Org Lt Munich 1 Lb, MWEY6084 
5MAL,5MZZWEY6085,Weyermann® Org Drk Munich 1 Lb, MWEY6085 
5MAL,5MZZWEY6086,Weyermann®Organic Carafa® 1 Lb, MWEY6086 
5MAL,5MZZWEY6087,Weyermann®Org Caramunich®2 1Lb, MWEY6087 
5MAL,5MZZWEY6088,Weyermann® Org Carahell® 1 Lb, MWEY6088 
5MAL,5MZZWEY6090,Weyermann® Spelt Malt 1 Lb ~S, MWEY6090 
5MAL,5MZZWEY6166,Wey®Crush DH Carafa® II 1 lb~S, MWEY6166 
5MAL,5MZZWEY7002,Weyermann® Pale Ale 10 Lb, MWEY7002 
5MAL,5MZZWEY7003,Weyermann® Pilsner 10 Lb, MWEY7003 
5MAL,5MZZWEY7004,Weyermann® Boh Pilsner 10 Lb, MWEY7004 
5MAL,5MZZWEY7005,Weyermann® Lt Wheat 10 Lb, MWEY7005 
5MAL,5MZZWEY7006,Weyermann® Drk Wheat 10 Lb, MWEY7006 
5MAL,5MZZWEY7009,Weyermann® Rye (Pale) 10 Lb, MWEY7009 
5MAL,5MZZWEY7010,Weyermann®FM Boh Pilsner 10Lb, MWEY7010 
5MAL,5MZZWEY7012,Weyermann® Barke® Pilsner 10Lb, MWEY7012 
5MAL,5MZZWEY7013,Weyermann®Barke®Vienna 10Lb, MWEY7013 
5MAL,5MZZWEY7014,Weyermann®Barke®Munich 10Lb, MWEY7014 
5MAL,5MZZWEY7015,Weyermann®Cologne(Kolsch)10 lb, MWEY7015 
5MAL,5MZZWEY7016,Weyermann® Vienna 10 Lb, MWEY7016 
5MAL,5MZZWEY7017,Weyermann® Munich Type1 10 Lb, MWEY7017 
5MAL,5MZZWEY7018,Weyermann® Munich Type2 10 Lb, MWEY7018 
5MAL,5MZZWEY7019,Weyermann® Melanoidin 10 Lb, MWEY7019 
5MAL,5MZZWEY7021,Weyermann® F/M Bohem Dark 10Lb, MWEY7021 
5MAL,5MZZWEY7031,Weyermann® Caramunich® I 10 Lb, MWEY7031 
5MAL,5MZZWEY7032,Weyermann®Caramunich® II 10 Lb, MWEY7032 
5MAL,5MZZWEY7033,Weyermann®Caramunich® III 10Lb, MWEY7033 
5MAL,5MZZWEY7034,Weyermann® CaraWheat® 10 Lb, MWEY7034 
5MAL,5MZZWEY7051,Weyermann® Carafa® I  10 Lb, MWEY7051 
5MAL,5MZZWEY7052,Weyermann® Carafa® II  10 Lb, MWEY7052 
5MAL,5MZZWEY7053,Weyermann® Carafa® III  10 Lb, MWEY7053 
5MAL,5MZZWEY7054,Weyermann® Chocolate Rye 10 Lb, MWEY7054 
5MAL,5MZZWEY7055,Weyermann®Chocolate Wheat 10Lb, MWEY7055 
5MAL,5MZZWEY7056,Weyermann® Carafoam® 10 Lb, MWEY7056 
5MAL,5MZZWEY7057,Weyermann® Carahell® 10 Lb, MWEY7057 
5MAL,5MZZWEY7058,Weyermann® Abbey® 10 Lb, MWEY7058 
5MAL,5MZZWEY7059,Weyermann® CaraBelge® 10 Lb, MWEY7059 
5MAL,5MZZWEY7061,Weyermann® CaraRed® 10 Lb, MWEY7061 
5MAL,5MZZWEY7062,Weyermann® CaraAmber® 10 Lb, MWEY7062 
5MAL,5MZZWEY7063,Weyermann® CaraAroma® 10 Lb, MWEY7063 
5MAL,5MZZWEY7064,Weyermann® CaraBohemian® 10 Lb, MWEY7064 
5MAL,5MZZWEY7065,Weyermann® DH Carafa® I 10 Lb, MWEY7065 
5MAL,5MZZWEY7066,Weyermann® DH Carafa® II 10 Lb, MWEY7066 
5MAL,5MZZWEY7067,Weyermann®DH Carafa® III 10 Lb, MWEY7067 
5MAL,5MZZWEY7068,Weyermann® CaraRye® 10 Lb, MWEY7068 
5MAL,5MZZWEY7071,Wey® Beech Smoked Malt 10 Lb, MWEY7071 
5MAL,5MZZWEY7072,Weyermann® Acidulated 10 Lb, MWEY7072 
5MAL,5MZZWEY7073,Weyermann®Roasted Barley 10Lb, MWEY7073 
5MAL,5MZZWEY7074,Wey®Oak Smokd Wheat Malt 10 Lb, MWEY7074 
5MAL,5MZZWEY7076,Weyermann®F/M Boh Wheat 10Lb, MWEY7076 
5MAL,5MZZWEY7081,Weyermann® Org Pilsner 10 Lb, MWEY7081 
5MAL,5MZZWEY7082,Weyermann® Org Vienna 10 Lb, MWEY7082 
5MAL,5MZZWEY7083,Weyermann® Org Lt Wheat 10 Lb, MWEY7083 
5MAL,5MZZWEY7084,Weyermann® Org Lt Munich 10 Lb, MWEY7084 
5MAL,5MZZWEY7085,Weyermann®Org Drk Munich 10Lb, MWEY7085 
5MAL,5MZZWEY7086,Weyermann®Organic Carafa® 10Lb, MWEY7086 
5MAL,5MZZWEY7087,Weyermann®Org Caramunich®II 10, MWEY7087 
5MAL,5MZZWEY7088,Weyermann® Org Carahell® 10 Lb, MWEY7088 
5MAL,5MZZWEY7090,Weyermann® Spelt Malt 10 Lb~S, MWEY7090 
5MAL,5MZZWEY8033,Weyermann®Caramunich® 3 4 oz~S, MWEY8033 
5MAL,5MZZWEY8073,Wey®Org Rst.Barley Grit 20kg~S, MWEY8073 
5MAL,5MZZWEY8133,Wey® Crush Caramunich 3 4 oz~S, MWEY8133 
5MAL,5MZZWEY8154,Wey®Crush Chocolate Rye 2 oz~S, MWEY8154 
5MAL,5MZZWEY8155,Wey®Crushed Choc Wheat 4 oz ~S, MWEY8155 
5MAL,5MZZWEY8163,Wey®Crushed Cara Aroma 4 oz ~S, MWEY8163 
5MAL,5MZZWEY8167,Wey® Crush DH Carafa® 3 8oz~S, MWEY8167 
5MAL,5MZZWEY8168,Wey®Crushed CaraRye® 4 oz ~S, MWEY8168 
5MAL,5MZZWEY8173,Wey®Crush Roasted Barley 4oz~S, MWEY8173 
5MAL,5MZZWEY8219,Wey®Crushed Melanoidin 8 oz ~S, MWEY8219 
5MAL,5MZZWEY8273,Wey®Crush Roast Barley 1 oz ~S, MWEY8273 
5MAL,5MZZWEY8319,Wey®Crushed Melanoidin®4 oz ~S, MWEY8319 
5MAL,5MZZWEY9019,Wey®Crushed Melanoidin®25 kg~S, MWEY9019 
5MAL,5MZZWEY9033,Wey®Crush Caramunich®3 25 Kg~S, MWEY9033 
5MAL,5MZZWEY9054,Weyermann® CrushChocRye 25Kg~S, MWEY9054 
5MAL,5MZZWEY9055,Wey® Crushed Choc Wheat 25kg~S, MWEY9055 
5MAL,5MZZWEY9063,Wey®Crush CaraAroma® 25 Kg ~S, MWEY9063 
5MAL,5MZZWEY9066,Weyermann®CrushCarafa®2 Spec~S, MWEY9066 
5MAL,5MZZWEY9067,Weyermann® Crush DH Carafa®3~S, MWEY9067 
5MAL,5MZZWEY9068,Weyermann®Crush CaraRye®25Kg~S, MWEY9068 
5MAL,5MZZWEY9073,Wey®Milled Roasted Barley 25Kg, MWEY9073 
5WKT,5NHB2015RQ1,RQ2015 SA Chenin/Sauv Blanc ~P, N2015RQ1 
5WKT,5NHB2015RQ2,RQ2015 Chile Cabernet Merlot~P, N2015RQ2 
5WKT,5NHB2015RQ3,RQ2015 Spain Vino Blanco ~P, N2015RQ3 
5WKT,5NHB2015RQ4,RQ2015 Italy Aglianico ~P, N2015RQ4 
5WKT,5NHB2016RQ1,RQ2016 Tjungu ~P, N2016RQ1 
5WKT,5NHB2017RQ1,RQ2017 L'Elegance (cab sauv)~P, N2017RQ1 
5WKT,5NHB2017RQ2,RQ2017 Grace (Chardonnay)~P, N2017RQ2 
5WKT,5NHB2017RQ3,RQ2017 Luxe (Merlot)~P, N2017RQ3 
5WKT,5NHB2017RQ4,RQ2017 Vailance (SauvBlanc)~P, N2017RQ4 
5WKT,5NHB2018RQ1,RQ2018 Aust Shiraz Viognier ~P, N2018RQ1 
5WKT,5NHB2018RQ2,RQ2018 Chile Carmenere ~P, N2018RQ2 
5WKT,5NHB2018RQ3,RQ2018 Spain Tempranillo ~P, N2018RQ3 
5WKT,5NHB2018RQ4,RQ2018 Germany Riesling~P, N2018RQ4 
5WKT,5NHB4711Y17,2017 CSP Coffee DW~P, N4711Y17 
5WKT,5NHB4712Y17,2017 CSP Toasted Caramel DW~P, N4712Y17 
5WKT,5NHB4713Y17,2017 CSP Black Forest DW~P, N4713Y17 
5WKT,5NHB4714Y17,2017 CSP Raspberry Mocha DW~P, N4714Y17 
5WKT,5NHB4715Y16,CSPE Vanilla Fig DessertWine~D, N4715Y16 
5WKT,5NHB4715Y17,2017 CSP Vanilla Fig DW~P, N4715Y17 
5WKT,5NHB4862Y16,OBRE Cranapple Celebration, N4862Y16 
5WKT,5NHB4862Y17,2017 OBRE CranApple 2-pack~P, N4862Y17 
5WKT,5NHBZ4334DR,Chardonnay Varietal Drum-160L, NZ4334DR 
5WKT,5NHBZ4336DR,Pinot Grigi Varietal Drum-160L, NZ4336DR 
5WKT,5NHBZ4354DR,Cab Sauv Varietal Drum-160L, NZ4354DR 
5WKT,5NHBZ4366DR,Merlot Varietal Drum-160L, NZ4366DR 
5WKT,5NHBZ4880NL,Orc.Breez Strawbry Rhub NL~L, NZ4880NL 
5WKT,5NHBZOB53DR,Orc.Breez Tropical Lime 160 L, NZOB53DR 
5WKT,5NHBZOB60DR,Orc.Breez Blackbry Blast 160 L, NZOB60DR 
5WKT,5NHBZOB61DR,Orc.Breez CranberryCraze 160L, NZOB61DR 
5WKT,5NHBZOB62DR,Orc.Breez CranappleCeleb 160L, NZOB62DR 
5WKT,5NHBZOB63DR,Orc.Breez GrnAple Deligt 160L, NZOB63DR 
5WKT,5NHBZOB64DR,Orc.Breez PeachPerfction 160L, NZOB64DR 
5WKT,5NHBZOB66DR,Orc.Breez Rockn Rasp Rse 160L, NZOB66DR 
5WKT,5NHBZOB68DR,Orc.Breez Strawb Sensatn 160L, NZOB68DR 
5WKT,5NHBZOB69DR,Orc.Breez KiwMelon Magic160L~D, NZOB69DR 
5WKT,5NHBZOB70DR,Orc.Breez VeryBlckCherry 160L, NZOB70DR 
5WKT,5NHBZOB71DR,Orc.Breez Blueberry Bliss 160L, NZOB71DR 
5WKT,5NHBZOB72DR,Orc.Breez SplStrawBlush 160L~S, NZOB72DR 
5WKT,5NHBZOB73DR,Orc.Breez Watrmelon Wave 160L, NZOB73DR 
5WKT,5NHBZOB74DR,Orc.Breez Pomeg WB Wave 160L, NZOB74DR 
5WKT,5NHBZOB76DR,Orc.Breez SangriaS.Ornge 160L, NZOB76DR 
5WKT,5NHBZOB77DR,Orc.Breez TangeLemTango160L~S, NZOB77DR 
5WKT,5NHBZOB79DR,Orc.Breez B.P. Paradise 160 L, NZOB79DR 
5WKT,5NHBZOB90DR,Orc.Breez Acai Rasp Rapt 160L, NZOB90DR 
5WKT,5NHBZZZ4300,GCRU Chamblaise, NZZZ4300 
5WKT,5NHBZZZ4312,Grand Cru French Columbard ~S, NZZZ4312 
5WKT,5NHBZZZ4318,GCRU Gewurzt, NZZZ4318 
5WKT,5NHBZZZ4320,GCRU Riesling, NZZZ4320 
5WKT,5NHBZZZ4324,GRCU Liebfraumilch, NZZZ4324 
5WKT,5NHBZZZ4333,GCRU Pinot Blanc, NZZZ4333 
5WKT,5NHBZZZ4334,GCRU Chardonnay, NZZZ4334 
5WKT,5NHBZZZ4336,GCRU Pinot Grigio, NZZZ4336 
5WKT,5NHBZZZ4342,GCRU Sauvignon Blanc, NZZZ4342 
5WKT,5NHBZZZ4344,Grand Cru Garganega ~D, NZZZ4344 
5WKT,5NHBZZZ4345,GCRU Verdicchio, NZZZ4345 
5WKT,5NHBZZZ4346,GCRU Zinfandel Blush, NZZZ4346 
5WKT,5NHBZZZ4350,GCRU Cru Rosso Superiore, NZZZ4350 
5WKT,5NHBZZZ4352,GCRU Bergamais, NZZZ4352 
5WKT,5NHBZZZ4354,GCRU Cab Sauvignon, NZZZ4354 
5WKT,5NHBZZZ4358,GCRU Sangiovese Merlot, NZZZ4358 
5WKT,5NHBZZZ4364,GCRU Malbec, NZZZ4364 
5WKT,5NHBZZZ4366,GCRU Merlot, NZZZ4366 
5WKT,5NHBZZZ4368,Grand Cru Petite Sirah 10 Lt~D, NZZZ4368 
5WKT,5NHBZZZ4370,GCRU Pinot Noir, NZZZ4370 
5WKT,5NHBZZZ4372,GCRU Shiraz, NZZZ4372 
5WKT,5NHBZZZ4376,GCRU Valpola, NZZZ4376 
5WKT,5NHBZZZ4380,GCRU Vieux Chateau du Roi, NZZZ4380 
5WKT,5NHBZZZ4438,Prem.Cru Aust Shiraz 23 L ~S, NZZZ4438 
5WKT,5NHBZZZ4445,CSEL Italian Valpola, NZZZ4445 
5WKT,5NHBZZZ4451,Cru Sel Viognier Pinot Gris, NZZZ4451 
5WKT,5NHBZZZ4452,CSEL Aust Chardonnay, NZZZ4452 
5WKT,5NHBZZZ4453,Cru Sel NZ Un-Oaked Chard ~D, NZZZ4453 
5WKT,5NHBZZZ4454,CSEL Argentine Trio, NZZZ4454 
5WKT,5NHBZZZ4455,Cru Sel California Muscat~D, NZZZ4455 
5WKT,5NHBZZZ4458,CSel Gewurztraminer, NZZZ4458 
5WKT,5NHBZZZ4459,CSEL Ital Pinot Grigio, NZZZ4459 
5WKT,5NHBZZZ4461,CSEL German Riesling Traminer, NZZZ4461 
5WKT,5NHBZZZ4464,CSEL NZ Sauvignon Blanc, NZZZ4464 
5WKT,5NHBZZZ4465,CSEL Ital Amarone, NZZZ4465 
5WKT,5NHBZZZ4466,CSEL Ital Sangiovese, NZZZ4466 
5WKT,5NHBZZZ4467,CSEL Aust Cab Shiraz Merlot, NZZZ4467 
5WKT,5NHBZZZ4468,CSEL Aust Cab Sauvignon, NZZZ4468 
5WKT,5NHBZZZ4473,CSEL French Merlot, NZZZ4473 
5WKT,5NHBZZZ4476,CSEL Aust Shiraz, NZZZ4476 
5WKT,5NHBZZZ4477,CSEL Ital Nebbiolo, NZZZ4477 
5WKT,5NHBZZZ4478,CSEL Cali Pinot Noir, NZZZ4478 
5WKT,5NHBZZZ4482,CSEL Chil Malbec, NZZZ4482 
5WKT,5NHBZZZ4483,CSEL Chil Cab Malbec Carmenere, NZZZ4483 
5WKT,5NHBZZZ4601,VHarvest Apricot Wine Base ~S, NZZZ4601 
5WKT,5NHBZZZ4603,VHarvest Blk Curr Wine Base 96, NZZZ4603 
5WKT,5NHBZZZ4604,VHarvest Blackberry Wine Base, NZZZ4604 
5WKT,5NHBZZZ4606,VHarvest Blueberry Wine Base 9, NZZZ4606 
5WKT,5NHBZZZ4608,VHarvest Bysnberry Wine Base~S, NZZZ4608 
5WKT,5NHBZZZ4610,VHarvest Cherry Wine Base 96 O, NZZZ4610 
5WKT,5NHBZZZ4612,VHarvest Cranberry Wine Base~S, NZZZ4612 
5WKT,5NHBZZZ4614,VHarvest Elderberry Wine Base, NZZZ4614 
5WKT,5NHBZZZ4616,VHarvest Goosebrry Wine Base~S, NZZZ4616 
5WKT,5NHBZZZ4618,VHarvest Kiwi Wine Base 96 ~S, NZZZ4618 
5WKT,5NHBZZZ4619,VHarvest Loganbrry Wine Base~S, NZZZ4619 
5WKT,5NHBZZZ4621,VHarvest MarionberryWineBase~S, NZZZ4621 
5WKT,5NHBZZZ4623,VHarvest Peach Wine Base 96 Oz, NZZZ4623 
5WKT,5NHBZZZ4625,VHarvest Plum Wine Base 96 Oz, NZZZ4625 
5WKT,5NHBZZZ4627,VHarvest Rhubarb Wine Base ~S, NZZZ4627 
5WKT,5NHBZZZ4628,VHarvest Strawberry Wine Base, NZZZ4628 
5WKT,5NHBZZZ4670,CSEL Bella Bianco, NZZZ4670 
5WKT,5NHBZZZ4684,CSEL Rosso Grande, NZZZ4684 
5WKT,5NHBZZZ4701,CSPE Pemium Dessert Wine, NZZZ4701 
5WKT,5NHBZZZ4704,CSPE Riesling Dessert Wine, NZZZ4704 
5WKT,5NHBZZZ4706,CSPE Vidal Dessert Wine, NZZZ4706 
5WKT,5NHBZZZ4708,CSPE Cab Franc Dessert Wine, NZZZ4708 
5WKT,5NHBZZZ4711,2018 CSP Coffee DW~P, NZZZ4711 
5WKT,5NHBZZZ4712,2018 CSP Toasted Caramel DW~P, NZZZ4712 
5WKT,5NHBZZZ4713,2018 CSP Black Forest DW~P, NZZZ4713 
5WKT,5NHBZZZ4714,2018 CSP Raspberry Mocha DW~P, NZZZ4714 
5WKT,5NHBZZZ4716,2018 CSP Creme Brulee DW~P, NZZZ4716 
5WKT,5NHBZZZ4732,CSEL Cali Syrah Zinfandel, NZZZ4732 
5WKT,5NHBZZZ4748,CINT Ontario Sauvignon, NZZZ4748 
5WKT,5NHBZZZ4749,CINT Ital Pinot Grigio, NZZZ4749 
5WKT,5NHBZZZ4750,CINT Cali Chardonnay, NZZZ4750 
5WKT,5NHBZZZ4752,CINT German Gewurzt, NZZZ4752 
5WKT,5NHBZZZ4753,CINT German Muller Thurgau, NZZZ4753 
5WKT,5NHBZZZ4756,CINT S. African Chenin Blanc, NZZZ4756 
5WKT,5NHBZZZ4758,CINT Cali White Zinfandel, NZZZ4758 
5WKT,5NHBZZZ4759,CINT French Rose, NZZZ4759 
5WKT,5NHBZZZ4764,CINT BC Pinot Noir, NZZZ4764 
5WKT,5NHBZZZ4766,CINT Aust Cab Sauvignon, NZZZ4766 
5WKT,5NHBZZZ4768,CINT Cali Syrah, NZZZ4768 
5WKT,5NHBZZZ4776,CINT Chil Malbec, NZZZ4776 
5WKT,5NHBZZZ4778,CINT Ital Nebbiolo, NZZZ4778 
5WKT,5NHBZZZ4781,CINT Ital Sangiovese, NZZZ4781 
5WKT,5NHBZZZ4782,CINT California Zinfandel, NZZZ4782 
5WKT,5NHBZZZ4785,CINT Washington Merlot, NZZZ4785 
5WKT,5NHBZZZ4786,CINT Argentina Malbec Syrah, NZZZ4786 
5WKT,5NHBZZZ4787,CINT BC Ok Meritage 12L ~Ltd, NZZZ4787 
5WKT,5NHBZZZ4788,CINT Cali Muscat, NZZZ4788 
5WKT,5NHBZZZ4792,CINT Niagara Baco Noir, NZZZ4792 
5WKT,5NHBZZZ4801,EPWS Amarone Style, NZZZ4801 
5WKT,5NHBZZZ4803,EPWS Chil Malbec, NZZZ4803 
5WKT,5NHBZZZ4805,EPWS Ital Rosso Eccelente, NZZZ4805 
5WKT,5NHBZZZ4808,EPWS Ital Valpola, NZZZ4808 
5WKT,5NHBZZZ4809,EPWS Ital Super Tuscan, NZZZ4809 
5WKT,5NHBZZZ4814,EPWS Aust Pinot Noir, NZZZ4814 
5WKT,5NHBZZZ4815,EPWS Aust Cab Sauvignon, NZZZ4815 
5WKT,5NHBZZZ4816,EPWS Aust Cabernet Shiraz, NZZZ4816 
5WKT,5NHBZZZ4817,EPWS Chil Merlot, NZZZ4817 
5WKT,5NHBZZZ4819,EPWS Ital Zinfandel, NZZZ4819 
5WKT,5NHBZZZ4820,EPWS Chil Chardonnay, NZZZ4820 
5WKT,5NHBZZZ4821,EPWS S.African Sauvignon Blanc, NZZZ4821 
5WKT,5NHBZZZ4822,EPWS Ital Pinot Grigio, NZZZ4822 
5WKT,5NHBZZZ4823,EPWS Winemaker's Trio Red, NZZZ4823 
5WKT,5NHBZZZ4824,EPWS Spanish Grenache Syrah, NZZZ4824 
5WKT,5NHBZZZ4825,EPWS Winemakers's Trio White, NZZZ4825 
5WKT,5NHBZZZ4826,EPWS Chile Pinot Noir Rose, NZZZ4826 
5WKT,5NHBZZZ4845,Vino Dv Cabernet/Shiraz~D, NZZZ4845 
5WKT,5NHBZZZ4852,OBRE Watermel Grapefrt 2-pk ~L, NZZZ4852 
5WKT,5NHBZZZ4853,OBRE Tropical Lime 2-pack, NZZZ4853 
5WKT,5NHBZZZ4860,OBRE Blackberry Blast 2-pack, NZZZ4860 
5WKT,5NHBZZZ4861,OBRE Cranberry Craze 2-pack, NZZZ4861 
5WKT,5NHBZZZ4862,2018 OBRE CranApple Cel 2-pk~P, NZZZ4862 
5WKT,5NHBZZZ4863,OBRE Green Apple Delght 2-pack, NZZZ4863 
5WKT,5NHBZZZ4864,OBRE Peach Perfection 2-pack, NZZZ4864 
5WKT,5NHBZZZ4866,OBRE Rockin Rasp Rose 2-pack, NZZZ4866 
5WKT,5NHBZZZ4868,OBRE Strawberry Sens 2-pack, NZZZ4868 
5WKT,5NHBZZZ4870,OBRE Very Black Cherry 2-pack, NZZZ4870 
5WKT,5NHBZZZ4871,OBRE Blueberry Bliss 2-pack, NZZZ4871 
5WKT,5NHBZZZ4873,OBRE Wild Watermelon 2-pack, NZZZ4873 
5WKT,5NHBZZZ4874,OBRE Pomegranate Wldbry 2-pack, NZZZ4874 
5WKT,5NHBZZZ4876,OBRE Sville Orange Sang 2-pack, NZZZ4876 
5WKT,5NHBZZZ4881,Sake Homebrew Kit, NZZZ4881 
5WKT,5NHBZZZ4890,OBRE Acai Rasp Rapture 2-pack, NZZZ4890 
5WKT,5NHBZZZ4891,OBRE Plum Passion 2-pack~D, NZZZ4891 
5WKT,5NHBZZZ4920,Mivino Aust Chardonnay cs/2, NZZZ4920 
5WKT,5NHBZZZ4921,Mivino Chilie Sauv Blanc cs/2, NZZZ4921 
5WKT,5NHBZZZ4922,Mivino German Riesling cs/2, NZZZ4922 
5WKT,5NHBZZZ4923,Mivino Itlay Pinot Grigio cs/2, NZZZ4923 
5WKT,5NHBZZZ4935,Mivino Aust Shiraz cs/2, NZZZ4935 
5WKT,5NHBZZZ4936,Mivino Cal Cabernet Sauv cs/2, NZZZ4936 
5WKT,5NHBZZZ4937,Mivino Chile Malbec cs/2, NZZZ4937 
5WKT,5NHBZZZ4938,Mivino Chile Merlot cs/2, NZZZ4938 
5WKT,5NHBZZZ4980,CINT Chile Cabernet Merlot, NZZZ4980 
5WKT,5NHBZZZ5001,1Gal P.Grigio Bladder/AdPack~S, NZZZ5001 
5WKT,5NHBZZZ5002,1Gal Cab Sauv Bladder/AdPack~S, NZZZ5002 
5WKT,5NHBZZZ5003,Ad-Pack for 1 Gallon Kits ~S, NZZZ5003 
5WKT,5NHBZZZEP12,En Primeur Pinot Grigio 18 L~D, NZZZEP12 
5WKT,5NHBZZZEP13,EPWS Ital Viognier, NZZZEP13 
5WKT,5NHBZZZEP16,EPWS German Riesling Gewurzt, NZZZEP16 
5WKT,5NHBZZZZEP4,EPWS Aust Shiraz, NZZZZEP4 
5WKT,5NHBZZZZEP6,EPWS Amarone Classico Style, NZZZZEP6 
5WKT,5NHBZZZZRQ1,RQ2019 ChileCab-Merlot-Syrah~P, NZZZZRQ1 
5WKT,5NHBZZZZRQ2,RQ2019 Aust Chard-Semillon ~P, NZZZZRQ2 
5WKT,5NHBZZZZRQ3,RQ2019 Italy Nebbiolo ~P, NZZZZRQ3 
5WKT,5NHBZZZZRQ4,RQ2019 Spain Monastrell ~P, NZZZZRQ4 
5EKT,5QHBK1INICG,Inner Equip Kit For K1ICG ~S, QK1INICG 
5EKT,5QHBK1INNBC,Inner Equipment Kit For K1BC~S, QK1INNBC 
5EKT,5QHBK2INNER,Inner Equipment Kit For K2, QK2INNER 
5EKT,5QHBK2PETIN,Inner Equip Kit For K2PET, QK2PETIN 
5EKT,5QHBK3INICG,Inner Equip Kit For K3ICG ~S, QK3INICG 
5EKT,5QHBK3INNER,Inner Equipment Kit For K3, QK3INNER 
5EKT,5QHBK4INJAS,Inner Equip Kit for K4JASPE ~S, QK4INJAS 
5EKT,5QHBK5INICG,Inner Equip Kit For K5ICG ~S, QK5INICG 
5EKT,5QHBK5INNER,Inner Equipment Kit For K5, QK5INNER 
5EKT,5QHBK5PETIN,Inner Equipment Kit For K5PET, QK5PETIN 
5EKT,5QHBK6INNER,Inner Equipment Kit For K6, QK6INNER 
5EKT,5QHBK6PETHB,Custom K6PET Kit F/506267 ~S, QK6PETHB 
5EKT,5QHBK6PETIN,Inner Equip Kit For K6PET, QK6PETIN 
5EKT,5QHBK6PINHB,Inner Equip Kit For K6PETHB ~S, QK6PINHB 
5EKT,5QHBK7BBSHO,Custom K7 Beer Kit F/502097~S, QK7BBSHO 
5EKT,5QHBK7INBBS,Inner Equip  Kit For K7BBSHO~S, QK7INBBS 
5EKT,5QHBK7SCINN,Inner Equip Kit For K7SCITY ~S, QK7SCINN 
5EKT,5QHBK8INNER,Inner Equipment Kit For K8, QK8INNER 
5EKT,5QHBK8PETIN,Inner Equip Kit For K8PET, QK8PETIN 
5EKT,5QHBZK3INHB,Inner Equipment Kit for K3HB~S, QZK3INHB 
5EKT,5QHBZK6INHB,Inner Equipment Kit For K6HB~S, QZK6INHB 
5EKT,5QHBZK6INRF,Inner Equip Kit For K6 w/R&F~S, QZK6INRF 
5EKT,5QHBZZK2PET,K2PET Wine Equipment Kit, QZZK2PET 
5EKT,5QHBZZK3ICG,Custom K3 Beer Kit F/504330 ~S, QZZK3ICG 
5EKT,5QHBZZK5ICG,Custom K5 Wine Kit F/504330 ~S, QZZK5ICG 
5EKT,5QHBZZK5PET,K5PET Wine Equipment Kit, QZZK5PET 
5EKT,5QHBZZK6ICG,Custom K6 Beer Kit F/504330 ~S, QZZK6ICG 
5EKT,5QHBZZK6PET,K6PET Beer Equipment Kit, QZZK6PET 
5EKT,5QHBZZK7ICG,Custom K7 Beer Kit F/504330 ~S, QZZK7ICG 
5EKT,5QHBZZK7PET,K7PET Beer Equipment Kit, QZZK7PET 
5EKT,5QHBZZK8PET,K8PET Wine Equipment Kit, QZZK8PET 
5EKT,5QHBZZZZZK2,K2 Wine Equipment Kit, QZZZZZK2 
5EKT,5QHBZZZZZK3,K3 Beer Equipment Kit, QZZZZZK3 
5EKT,5QHBZZZZZK5,K5 Wine Equipment Kit, QZZZZZK5 
5EKT,5QHBZZZZZK6,K6 Beer Equipment Kit, QZZZZZK6 
5EKT,5QHBZZZZZK7,K7 Beer Equipment Kit, QZZZZZK7 
5EKT,5QHBZZZZZK8,K8 Wine Equipment Kit, QZZZZZK8 
5BKT,5RHBZMS1G16,MS Sessions Blone Kit 1G~S, RZMS1G16 
5BKT,5RHBZMS1G18,MS Session Blonde Kit 1G~S, RZMS1G18 
5BKT,5RHBZZZ2401,Brew House CanadianLght Lager, RZZZ2401 
5BKT,5RHBZZZ2404,Brew House India Pale Ale, RZZZ2404 
5BKT,5RHBZZZ2406,Brew House Mexican Cerveza, RZZZ2406 
5BKT,5RHBZZZ2408,Brew House Munich Drk Lager, RZZZ2408 
5BKT,5RHBZZZ2410,Brew House Pale Ale, RZZZ2410 
5BKT,5RHBZZZ2412,Brew House Pilsner, RZZZ2412 
5BKT,5RHBZZZ2415,Brew House Red Ale, RZZZ2415 
5BKT,5RHBZZZ2416,Brew House Stout, RZZZ2416 
5BKT,5RHBZZZMS1G,MerchSource Pale Ale Kit 1G~S, RZZZMS1G 
5BKT,5RHBZZZZF10,Copper Ale Ingredient Kit, RZZZZF10 
5BKT,5RHBZZZZF12,Northwest Wheat Ingredient Kit, RZZZZF12 
5BKT,5RHBZZZZF14,California Brown Ale Ingr Kit, RZZZZF14 
5BKT,5RHBZZZZF15,San Francisco Common Ing Kit, RZZZZF15 
5BKT,5RHBZZZZF22,Dry Stout Ingredient Kit, RZZZZF22 
5BKT,5RHBZZZZF23,Vienna/Marzen Ingredient Kit, RZZZZF23 
5BKT,5RHBZZZZF24,Northwest Pale Ale Ing Kit, RZZZZF24 
5BKT,5RHBZZZZF26,Czech Pilsner Ingredient Kit, RZZZZF26 
5BKT,5RHBZZZZF28,Brown Porter Ingredient Kit, RZZZZF28 
5BKT,5RHBZZZZF29,Irish Red Ale Ingredient Kit, RZZZZF29 
5BKT,5RHBZZZZF30,West Coast IPA Ingredient Kit, RZZZZF30 
5BKT,5RHBZZZZF34,Nut Brown Ale Ingredient Kit, RZZZZF34 
5BKT,5RHBZZZZF35,American Light Ingredient Kit, RZZZZF35 
5BKT,5RHBZZZZF36,Black Saison Ingredient Kit, RZZZZF36 
5BKT,5RHBZZZZF37,Extra Special Bitter Ing Kit, RZZZZF37 
5BKT,5RHBZZZZF38,Scottish Ingredient Kit, RZZZZF38 
5BKT,5RHBZZZZF39,Session IPA Ingredient Kit, RZZZZF39 
5BKT,5RHBZZZZF40,Smoked Porter Ingredient Kit, RZZZZF40 
5BKT,5RHBZZZZF41,White IPA Ingredient Kit, RZZZZF41 
5BKT,5RHBZZZZF42,Milk Choc Stout Ingred Kit ~L, RZZZZF42 
5BKT,5RHBZZZZF43,Red Rye Ingredient Kit, RZZZZF43 
5BKT,5RHBZZZZF56,Kelheim Hefeweizen Ing Kit, RZZZZF56 
5BKT,5RHBZZZZF57,Sasion Ingredient Kit, RZZZZF57 
5BKT,5RHBZZZZK10,TB Amber Ingredient Kit, RZZZZK10 
5BKT,5RHBZZZZK12,TB American Wheat Ingred Kit, RZZZZK12 
5BKT,5RHBZZZZK14,TB Brown Ale Ingredient Kit, RZZZZK14 
5BKT,5RHBZZZZK15,TB Cal. Common Ingredient Kit, RZZZZK15 
5BKT,5RHBZZZZK16,TB Canadian Ale Ingred Kit, RZZZZK16 
5BKT,5RHBZZZZK18,TB German Style Drk Ingrd Kit, RZZZZK18 
5BKT,5RHBZZZZK20,TB German Style Lt Ingr Kit, RZZZZK20 
5BKT,5RHBZZZZK22,TB Irish Stout Ingredient Kit, RZZZZK22 
5BKT,5RHBZZZZK23,TB Oktoberfest Ingredient Kit, RZZZZK23 
5BKT,5RHBZZZZK24,TB Pale Ale Ingredient Kit, RZZZZK24 
5BKT,5RHBZZZZK26,TB Pilsner Ingredient Kit, RZZZZK26 
5BKT,5RHBZZZZK28,TB Porter Ingredient Kit, RZZZZK28 
5BKT,5RHBZZZZK29,TB Red Ale Ingredient Kit, RZZZZK29 
5BKT,5RHBZZZZK30,TB Ipa Ingredient Kit, RZZZZK30 
5BKT,5RHBZZZZK32,TB Bock Ingredient Kit, RZZZZK32 
5BKT,5RHBZZZZK34,TB Nut Brown Ale Ingred. Kit, RZZZZK34 
5BKT,5RHBZZZZK50,TB Belgian Ale Ingred. Kit, RZZZZK50 
5BKT,5RHBZZZZK52,TB Black Lager Ingred. Kit, RZZZZK52 
5BKT,5RHBZZZZK54,TB Double IPA Ingred. Kit, RZZZZK54 
5BKT,5RHBZZZZK56,TB Hefeweizen Ingred. Kit, RZZZZK56 
5BKT,5RHBZZZZK58,TB Oak Imperial Stout Ingr Kit, RZZZZK58 
5SAM,5SAZZZZ9106,Grain Millers Flaked Rye Sampl, SZZZ9106 
5SAM,5SAZZZZ9302,OIO Flaked Corn Sample, SZZZ9302 
5SAM,5SAZZZZ9803,Orange Peel Bitter Svlle Sampl, SZZZ9803 
5SAM,5SAZZZZ9811,Lemon Peel Sample, SZZZ9811 
5SAM,5SAZZZZ9813,Blue Juniper Berries Sample, SZZZ9813 
5SAM,5SBZZZZ9673,Whirlfloc T Sample, SZZZ9673 
5SAM,5SMZCAS9034,Chateau Special B Sample, SCAS9034 
5SAM,5SMZCRI9001,Crisp Maris Otter® Sample, SCRI9001 
5SAM,5SMZCRI9002,Crisp F/M Maris Otter® Sample, SCRI9002 
5SAM,5SMZCRI9018,Crisp Dextrin Malt Sample, SCRI9018 
5SAM,5SMZCRI9041,Crisp Gleneagles Peated Sample, SCRI9041 
5SAM,5SMZCRI9042,Gleneagles Prem Pot Still Samp, SCRI9042 
5SAM,5SMZGAM9051,Gambrinus Honey Malt Sample, SGAM9051 
5SAM,5SMZMAL9017,Patagonia Caramel 35 Sample, SMAL9017 
5SAM,5SMZMAL9054,Patagonia Perla Negra 340 Samp, SMAL9054 
5SAM,5SMZMCI9071,Malt Co Ireland Stout Sample, SMCI9071 
5SAM,5SMZMCI9072,Malt Co Ireland Distill Sample, SMCI9072 
5SAM,5SMZRAH9002,Rahr Std. 2 Row 2P Sample, SRAH9002 
5SAM,5SMZRAH9003,Rahr Std (ALIX) 2Row Sample, SRAH9003 
5SAM,5SMZRAH9005,Rahr Premium Pilsner 2B Sample, SRAH9005 
5SAM,5SMZRAH9071,Rahr DP Distillers Malt Sample, SRAH9071 
5SAM,5SMZSIM9002,Sim Finest Golden Promise Samp, SSIM9002 
5SAM,5SMZSIM9033,Simpsons Crystal Medium Sample, SSIM9033 
5SAM,5SMZSIM9041,Simpsons Crystal T50 Sample, SSIM9041 
5SAM,5SMZSIM9071,Sim Golden Naked Oats® Sample, SSIM9071 
5SAM,5SMZWEY9009,Weyermann® Rye (Pale) Sample, SWEY9009 
5SAM,5SMZWEY9012,Weyermann® Barke® Pilsner Samp, SWEY9012 
5SAM,5SMZWEY9031,Weyermann® Caramunich® 1 Sampl, SWEY9031 
5SAM,5SWZZZZ9001,Cider Sample Kit, SWZZ9001 
5SAM,5SWZZZZ9002,Fining Agents Sample Kit, SWZZ9002 
5SAM,5SWZZZZ9003,Dry Tannin Sample Kit, SWZZ9003 
5SAM,5SWZZZZ9004,Liquid Oak Tannin Sample Kit, SWZZ9004 
5SAM,5SWZZZZ9441,FR Oak Chips House Blnd Sample, SZZZ9441 
5SAM,5SWZZZZ9442,FR Oak Chips Vanilla Sample, SZZZ9442 
5SAM,5SWZZZZ9443,FR Oak Chips Fire Toast Sample, SZZZ9443 
5SAM,5SWZZZZ9447,FR Oak Chips Heavy Fire Sample, SZZZ9447 
5SAM,5SWZZZZ9911,F. Oak Stave Vanilla Sample, SZZZ9911 
5SAM,5SWZZZZ9912,F.Oak Stave Fire Sample, SZZZ9912 
5SAM,5SWZZZZ9913,F.Oak Stave Buttersctch Sample, SZZZ9913 
5SAM,5SWZZZZ9914,F.OakStave Chocolate Sample, SZZZ9914 
5SAM,5SXZZZP1001,Welcome Kit Shipping Box, SZZP1001 
5SAM,5SXZZZP1002,Welcome Kit Box, SZZP1002 
5SAM,5SXZZZP1003,Small Sample Box, SZZP1003 
5SAM,5SXZZZP1004,"Sample Box - 5 x 4"" x 2""""", SZZP1004 
5SAM,5SXZZZP1101,Sample Label - BSG USA, SZZP1101 
5SAM,5SXZZZP1103,Sample Label - Rahr USA, SZZP1103 
5SAM,5SXZZZP1105,Sample Label - Weyermann USA, SZZP1105 
5SAM,5SXZZZP1107,Sample Label - Patagonia USA, SZZP1107 
5SAM,5SXZZZP1111,Sample Label - Castle USA, SZZP1111 
5SAM,5SXZZZP1113,Sample Label - Crisp USA, SZZP1113 
5SAM,5SXZZZP1115,Sample Label - Kerry USA, SZZP1115 
5SAM,5SXZZZP1117,Sample Label - MCI USA, SZZP1117 
5SAM,5SXZZZP1118,Sample Label - Simpsons, SZZP1118 
5SAM,5SXZZZP1119,Sample Label - Gambrinus USA, SZZP1119 
5SAM,5SXZZZP3001,15 mL Bottle, SZZP3001 
5SAM,5SXZZZP3002,Pippettes - 1.2 mL, SZZP3002 
5SAM,5SXZZZP3003,1/4 oz Bottle, SZZP3003 
5SAM,5SXZZZP3004,"Clear Tube 1.5 x 6""""", SZZP3004 
5SAM,5SXZZZP3005,"Clear Tube End Caps 1.5 Black""", SZZP3005 
5SAM,5SXZZZP3006,"Clear Tube End Caps 1.5 White""", SZZP3006 
5SAM,5SXZZZP3007,"Clear Tube End Caps 1.5 Green""", SZZP3007 
5SAM,5SXZZZZ9001,Welcome Kit - Craft East, SZZZ9001 
5SAM,5SXZZZZ9002,Welcome Kit - Craft West, SZZZ9002 
5SAM,5SXZZZZ9003,Welcome Kit - Distilling, SZZZ9003 
5SAM,5SXZZZZ9004,Welcome Kit - HandCraft, SZZZ9004 
5SAM,5SXZZZZ9005,Welcome Kit - Craft Canada, SZZZ9005 
5SAM,5SZZZZZ9402,Crisp Flkd Torrefied MaizeSamp, SZZZ9402 
5YST,5WZZZZ1121A,Superfood- 1kg JAR NS, WZZZ1121 
5YST,5WZZZZ1122A,Superfood- 5kg PAIL NS, WZZZ1122 
5YST,5WZZZZ1123A,Superfood- 25kg BOX NS, WZZZ1123 
5WIN,5WZZZZ1139A,Wineferm (export only) 25kg NS, WZZ1139A 
5YST,5WZZZZ1141A,Startup- 1kg JAR NS, WZZZ1141 
5YST,5WZZZZ1142A,Startup- 5kg PAIL NS, WZZZ1142 
5YST,5WZZZZ1143A,Startup- 25kg BOX NS, WZZZ1143 
5YST,5WZZZZ1157A,VitamixPlus - 10kg BOX NS, WZZ1157A 
5YST,5WZZZZ1158A,VitamixPlus - 1kg JAR NS, WZZ1158A 
5WIN,5WZZZZ1171A,Superferm- 1 kg  JAR NS, WZZ1171A 
5WIN,5WZZZZ1172A,Superferm- 5 kg PAIL NS, WZZ1172A 
5WIN,5WZZZZ1173A,Superferm- 25 kg box NS, WZZ1173A 
5WIN,5WZZZZ1191A,Startup EXPORT- 25kg BOX NS, WZZ1191A 
5YST,5WZZZZ1195A,Superfood Export - 25 kg NS, WZZ1195A 
5WIN,5WZZZZ1207A,Leucofood 1kg JAR NS, WZZ1207A 
5WIN,5WZZZZ1208A,Leucofood  5kg  PAIL NS, WZZ1208A 
5WIN,5WZZZZ1209A,Leucofood 25kg box NS, WZZ1209A 
5YST,5WZZZZZ1010,Yeastex W- 1kg, WZZZ1010 
5YST,5WZZZZZ1102,Yeastex W- 500g, WZZZ1102 
5YST,5WZZZZZ1103,Yeastex W- 10 kg, WZZZ1103 
5YST,5WZZZZZ1106,Yeastex WHP- 1kg, WZZZ1106 
5YST,5WZZZZZ1107,Yeastex WHP- 500g, WZZZ1107 
5YST,5WZZZZZ1108,Yeastex WHP- 10 kg, WZZZ1108 
5YST,5WZZZZZ1111,Yeastex 61 35 Lb, WZZZ1111 
5YST,5WZZZZZ1112,Yeastex 61 35 Lb for blending, WZZZ1112 
5WIN,5WZZZZZ1116,Nutramix LN 40 Lb, WZZZ1116 
5WIN,5WZZZZZ1118,Nutramix NM 40 Lb, WZZZ1118 
5WIN,5WZZZZZ1119,Nutramix NS 40 Lb, WZZZ1119 
5YST,5WZZZZZ1126,Yeast Ext.T-154 Agglom 1kg JAR, WZZZ1126 
5YST,5WZZZZZ1127,Yeast ExtT-154 Agglom 5kg PAIL, WZZZ1127 
5WIN,5WZZZZZ1129,Amb ORG 5015 22.7kg, WZZZ1129 
5YST,5WZZZZZ1130,Yeast Extract T154 Agglom18.14, WZZZ1130 
5YST,5WZZZZZ1131,Yeast Hulls Nutrex 370 1kg JAR, WZZZ1131 
5YST,5WZZZZZ1132,Yeast HullsNutrex 370 5kg PAIL, WZZZ1132 
5YST,5WZZZZZ1133,Yeast Hulls Nutrex 370 22.7 k, WZZZ1133 
5YST,5WZZZZZ1135,Bionis Yeast Extract 20 kg, WZZZ1135 
5WIN,5WZZZZZ1144,OWN Org Wine Nutrient - 22.7kg, WZZZ1144 
5YST,5WZZZZZ1146,Vitamix- 100g BTL, WZZZ1146 
5YST,5WZZZZZ1147,Vitamix- 1kg JAR, WZZZ1147 
5YST,5WZZZZZ1148,Vitamix- 5kg PAIL, WZZZ1148 
5WIN,5WZZZZZ1149,Vitamix 25 kg, WZZZ1149 
5YST,5WZZZZZ1151,Supervit- 100g BTL ~D, WZZZ1151 
5YST,5WZZZZZ1152,Supervit- 1kg JAR, WZZZ1152 
5YST,5WZZZZZ1153,Supervit- 10kg BOX, WZZZ1153 
5WIN,5WZZZZZ1154,OWN Org Wine Nutrient - 20 kg, WZZZ1154 
5WIN,5WZZZZZ1155,OWN Org Wine Nutrient - 5 kg, WZZZ1155 
5WIN,5WZZZZZ1156,OWN Org Wine Nutrient - 1 kg, WZZZ1156 
5WIN,5WZZZZZ1161,Diamm. Phosphate DAP 1kg JAR, WZZZ1161 
5YST,5WZZZZZ1162,Diamm. Phosphate DAP 5kg PAIL, WZZZ1162 
5WIN,5WZZZZZ1164,DAP 22.7 kg (Omnisol), WZZZ1164 
5YST,5WZZZZZ1167,DAP- 25kg sack (Prayphos FG), WZZZ1167 
5WIN,5WZZZZZ1175,"Spirals, Cherry 48in, 6pk.", WZZZ1175 
5WIN,5WZZZZZ1181,Calcium Pantothenate 25kg (pro, WZZZ1181 
5WIN,5WZZZZZ1182,Biotin (production) pound, WZZZ1182 
5WIN,5WZZZZZ1183,Riboflavin (production), WZZZ1183 
5WIN,5WZZZZZ1184,Thiamine 25kg (production), WZZZ1184 
5WIN,5WZZZZZ1185,Pyridoxine B6 25kg(production), WZZZ1185 
5WIN,5WZZZZZ1186,Inositol (production) 25 kg, WZZZ1186 
5YST,5WZZZZZ1201,Oeno Cups- 1 cup (stock), WZZZ1201 
5YST,5WZZZZZ1205,Oeno Cups-1 case- 12 cups repk, WZZZ1205 
5WIN,5WZZZZZ1212,Leucovit 100g, WZZZ1212 
5WIN,5WZZZZZ1213,Leucovit 1kg, WZZZ1213 
5WIN,5WZZZZZ1215,Leucovit 5kg (for repackaging), WZZZ1215 
5WIN,5WZZZZZ1221,Biolact Acclimatee 2.5 gram, WZZZ1221 
5WIN,5WZZZZZ1222,Biolact Acclimatee 25 gram, WZZZ1222 
5WIN,5WZZZZZ1223,Biolact Acclimatee 250 gram, WZZZ1223 
5WIN,5WZZZZZ1226,Biolact Acclimatee 4R 2.5 gram, WZZZ1226 
5WIN,5WZZZZZ1227,Biolact Acclimatee 4R 25 gram, WZZZ1227 
5WIN,5WZZZZZ1228,Biolact Acclimatee 4R 250 gram, WZZZ1228 
5YST,5WZZZZZ1231,Amar04 (25 hL) 660 gallons, WZZZ1231 
5YST,5WZZZZZ1232,Amar04 (100 hL) 2640 gallons, WZZZ1232 
5YST,5WZZZZZ1241,Amar04 - 2.5 hL, WZZZ1241 
5YST,5WZZZZZ1290,Pinnacle Fructo 500g, WZZZ1290 
5YST,5WZZZZZ1291,Pinnacle Fructo Select 500g, WZZZ1291 
5YST,5WZZZZZ1292,Pinnacle Complex 500g, WZZZ1292 
5YST,5WZZZZZ1293,Pinnacle Cryo 500g, WZZZ1293 
5YST,5WZZZZZ1294,Pinnacle Tropica 500g, WZZZ1294 
5YST,5WZZZZZ1295,Pinnacle White Select 500g, WZZZ1295 
5YST,5WZZZZZ1296,Pinnacle Red 500g, WZZZ1296 
5YST,5WZZZZZ1297,Pinnacle Red Select 500g, WZZZ1297 
5YST,5WZZZZZ1298,Pinnacle Robust 500g, WZZZ1298 
5WIN,5WZZZZZ1301,Fermol Blanc 500g, WZZZ1301 
5WIN,5WZZZZZ1302,Fermol Blanc 10 kg, WZZZ1302 
5WIN,5WZZZZZ1306,Fermol Chardonnay 500 g, WZZZ1306 
5WIN,5WZZZZZ1311,Fermol Sauvignon 500 g, WZZZ1311 
5WIN,5WZZZZZ1312,Fermol Sauvignon 10 kg, WZZZ1312 
5WIN,5WZZZZZ1316,Fermol Rouge 500 g, WZZZ1316 
5WIN,5WZZZZZ1317,Fermol Rouge 10 kg, WZZZ1317 
5WIN,5WZZZZZ1324,Premier Cru- 500 g, WZZZ1324 
5YST,5WZZZZZ1330,Prosecco Wine Yeast 0.5 kg, WZZZ1330 
5WIN,5WZZZZZ1331,Super 16- 500 g, WZZZ1331 
5WIN,5WZZZZZ1332,Super 16- 10 kg, WZZZ1332 
5WIN,5WZZZZZ1335,BP 725- 500 g, WZZZ1335 
5WIN,5WZZZZZ1336,BP 725 10 kg, WZZZ1336 
5WIN,5WZZZZZ1341,AWRI 796 500g, WZZZ1341 
5WIN,5WZZZZZ1342,AWRI 796 10 kg, WZZZ1342 
5YST,5WZZZZZ1343,Vivace ORGANIC Yeast 500 g, WZZZ1343 
5YST,5WZZZZZ1344,Allegro ORGANIC Yeast 500 g, WZZZ1344 
5YST,5WZZZZZ1345,Andante ORGANIC Yeast 500 g, WZZZ1345 
5YST,5WZZZZZ1346,Phyterra PBYR Yeast 500 g, WZZZ1346 
5YST,5WZZZZZ1347,Phyterra P2Y3 Yeast 500 g, WZZZ1347 
5YST,5WZZZZZ1348,Phyterra P1Y0 Yeast 500 g, WZZZ1348 
5YST,5WZZZZZ1349,Phyterra P8Y0 Yeast 500 g, WZZZ1349 
5YST,5WZZZZZ1350,Phyterra PBYR Yeast 10kg, WZZZ1350 
5YST,5WZZZZZ1351,Phyterra P1Y0 Yeast 10kg, WZZZ1351 
5YST,5WZZZZZ1352,Phyterra P8Y0 Yeast 10kg, WZZZ1352 
5YST,5WZZZZZ1353,Phyterra P7Y9 Yeast 500 g, WZZZ1353 
5YST,5WZZZZZ1354,Phyterra P1Y2 Yeast 500 g, WZZZ1354 
5YST,5WZZZZZ1355,Phyterra PY522 Yeast 500 g, WZZZ1355 
5YST,5WZZZZZ1356,Phyterra P2Y3 Yeast 10kg, WZZZ1356 
5YST,5WZZZZZ1357,Phyterra P7Y9 Yeast 10kg, WZZZ1357 
5YST,5WZZZZZ1358,Phyterra P1Y2 Yeast 10kg, WZZZ1358 
5YST,5WZZZZZ1359,Phyterra PY522 Yeast 10kg, WZZZ1359 
5YST,5WZZZZZ1363,Vivace ORGANIC Yeast 10 kg, WZZZ1363 
5YST,5WZZZZZ1364,Allegro ORGANIC Yeast 10 kg, WZZZ1364 
5YST,5WZZZZZ1365,Andante ORGANIC Yeast 10 kg, WZZZ1365 
5YST,5WZZZZZ1366,Nouveaux Ferments 500 g, WZZZ1366 
5YST,5WZZZZZ1367,Nouveaux Ferments 15 kg, WZZZ1367 
5YST,5WZZZZZ1368,Super Tuscan 500 g, WZZZ1368 
5YST,5WZZZZZ1369,Super Tuscan 10 kg, WZZZ1369 
5YST,5WZZZZZ1370,Premium Fructo DA 500 g, WZZZ1370 
5YST,5WZZZZZ1371,Premium Fructo DA 10 kg, WZZZ1371 
5YST,5WZZZZZ1373,Vivace Yeast 500 g, WZZZ1373 
5YST,5WZZZZZ1374,Allegro Yeast 500 g, WZZZ1374 
5YST,5WZZZZZ1375,Andante  Yeast 500 g, WZZZ1375 
5YST,5WZZZZZ1376,Maestoso Yeast 500 g, WZZZ1376 
5YST,5WZZZZZ1377,VP5 Yeast 500 gr, WZZZ1377 
5YST,5WZZZZZ1378,ERSA 1376 Yeast 500 gr, WZZZ1378 
5YST,5WZZZZZ1379,Premium Chardonnay Yeast 500 g, WZZZ1379 
5YST,5WZZZZZ1380,Premium Zinfandel Yeast 500 gr, WZZZ1380 
5YST,5WZZZZZ1381,Premium Chardonnay Yeast 10 kg, WZZZ1381 
5YST,5WZZZZZ1382,Premium Zinfandel Yeast 10 kg, WZZZ1382 
5YST,5WZZZZZ1383,Vivace Yeast 10 kg, WZZZ1383 
5YST,5WZZZZZ1384,Allegro Yeast 10 kg, WZZZ1384 
5YST,5WZZZZZ1385,Andante Yeast 10 kg, WZZZ1385 
5YST,5WZZZZZ1386,Maestoso Yeast 10 kg, WZZZ1386 
5YST,5WZZZZZ1387,SELECT Vivace Yeast 10 kg, WZZZ1387 
5YST,5WZZZZZ1388,SELECT Allegro Yeast 10 kg, WZZZ1388 
5YST,5WZZZZZ1389,SELECT Andante Yeast 10 kg, WZZZ1389 
5YST,5WZZZZZ1390,SELECT Maestoso Yeast 10 kg, WZZZ1390 
5YST,5WZZZZZ1391,VP5 Yeast 10 kg, WZZZ1391 
5YST,5WZZZZZ1392,ERSA 1376 Yeast 10 kg, WZZZ1392 
5YST,5WZZZZZ1393,"LPA, 2 kg", WZZZ1393 
5YST,5WZZZZZ1394,Mastervin Bio IST 500 gram, WZZZ1394 
5YST,5WZZZZZ1395,Mastervin Bio IST 10 kg, WZZZ1395 
5YST,5WZZZZZ1396,BIOREAL Org Yeast Hulls 20kg, WZZZ1396 
5YST,5WZZZZZ1397,BIOREAL Org Yeast Extract 25kg, WZZZ1397 
5YST,5WZZZZZ1398,COMBO Safefruit Yeast 500g, WZZZ1398 
5YST,5WZZZZZ1399,COMBO XT Yeast 500g, WZZZ1399 
5WIN,5WZZZZZ1403,Harvest Tannin 1 liter, WZZZ1403 
5WIN,5WZZZZZ1404,Harvest Tannin Powder 20 kg, WZZZ1404 
5WIN,5WZZZZZ1407,Mocha tannin 1 liter, WZZZ1407 
5WIN,5WZZZZZ1409,Vanilla tannin 1 liter, WZZZ1409 
5WIN,5WZZZZZ1411,"Fruit Enhancer PLUS, 1 liter", WZZZ1411 
5WIN,5WZZZZZ1412,Terroir Liquid oak tannin 1 L, WZZZ1412 
5WIN,5WZZZZZ1413,Harvest Tannin 20 liter, WZZZ1413 
5WIN,5WZZZZZ1414,Terroir Liquid oak tannin 10 L, WZZZ1414 
5WIN,5WZZZZZ1416,Terroir Liquid oak tannin 20 L, WZZZ1416 
5WIN,5WZZZZZ1418,Mocha tannin 20 L, WZZZ1418 
5WIN,5WZZZZZ1419,Vanilla tannin 20 L, WZZZ1419 
5WIN,5WZZZZZ1422,Fruit Enhancer Plus 20 L, WZZZ1422 
5WIN,5WZZZZZ1423,Fruit Enhancer FRESH 1L, WZZZ1423 
5WIN,5WZZZZZ1424,Fruit Enhancer FRESH 20 L, WZZZ1424 
5WIN,5WZZZZZ1425,Fruit Express 1L, WZZZ1425 
5WIN,5WZZZZZ1426,Fruit Express 20 L, WZZZ1426 
5WIN,5WZZZZZ1427,Barrel Extract 1 L, WZZZ1427 
5WIN,5WZZZZZ1428,Barrel Extract 20 L, WZZZ1428 
5WIN,5WZZZZZ1429,Vanilla-low density tannin20 L, WZZZ1429 
5WIN,5WZZZZZ1430,Vanilla tannin 1000L Tote ~S, WZZZ1430 
5WIN,5WZZZZZ1431,Filtrox Carbon Activate Filter, WZZZ1431 
5WIN,5WZZZZZ1433,Fruit Enhancer FRESH 4oz (6pk), WZZZ1433 
5WIN,5WZZZZZ1434,Fruit Enhancer PLUS 4oz (6 pk), WZZZ1434 
5WIN,5WZZZZZ1437,Mocha tannin 4 oz (6 pk), WZZZ1437 
5WIN,5WZZZZZ1439,Vanilla tannin 4 oz (6 pk), WZZZ1439 
5WIN,5WZZZZZ1440,Easytan Harvest 25KG, WZZZ1440 
5WIN,5WZZZZZ1441,"FR Oak Chips House Blend, 10kg", WZZZ1441 
5WIN,5WZZZZZ1442,"FR Oak Chips Vanilla, 10 kg", WZZZ1442 
5WIN,5WZZZZZ1443,"FR Oak Chips Fire Toast, 10kg", WZZZ1443 
5WIN,5WZZZZZ1447,"FR Oak Chips Heavy Fire, 5 kg", WZZZ1447 
5WIN,5WZZZZZ1451,"FR Oak Chips Non-Toast,10kg", WZZZ1451 
5WIN,5WZZZZZ1455,Russian Oak Barrel, WZZZ1455 
5WIN,5WZZZZZ1466,Mocha tannin 500 liter, WZZZ1466 
5WIN,5WZZZZZ1467,Mocha tannin 1000 liter, WZZZ1467 
5WIN,5WZZZZZ1470,Premium Limousin SG 500 grams, WZZZ1470 
5WIN,5WZZZZZ1471,Premium Whisky-LattoneSG 500g, WZZZ1471 
5WIN,5WZZZZZ1472,Premium Tostato SG 500 gram, WZZZ1472 
5WIN,5WZZZZZ1473,Premium Uva SG 500g, WZZZ1473 
5WIN,5WZZZZZ1474,Premium Vinacciolo SG 500g, WZZZ1474 
5WIN,5WZZZZZ1475,Premium Resveratrolo SG 500g, WZZZ1475 
5WIN,5WZZZZZ1476,Premium Colour SG 500g, WZZZ1476 
5WIN,5WZZZZZ1481,Ti Premium 500 g, WZZZ1481 
5WIN,5WZZZZZ1482,V Tan UVA SG 5 kg, WZZZ1482 
5WIN,5WZZZZZ1483,V Tan UVA SG 500 g, WZZZ1483 
5WIN,5WZZZZZ1484,V Tan UVA 25 kg, WZZZ1484 
5WIN,5WZZZZZ1486,Vanilla Peach Tannin 1 L, WZZZ1486 
5WIN,5WZZZZZ1487,Vanilla Peach Tannin 10 L, WZZZ1487 
5WIN,5WZZZZZ1488,Vanilla Peach Tannin 20 L, WZZZ1488 
5WIN,5WZZZZZ1489,Vanilla Peach Tannin 1000 L ~S, WZZZ1489 
5WIN,5WZZZZZ1491,Harvest Tannin 1000 L, WZZZ1491 
5WIN,5WZZZZZ1492,Fruit Enhancer PLUS 10 L, WZZZ1492 
5WIN,5WZZZZZ1493,Harvest Tannin 10 L, WZZZ1493 
5WIN,5WZZZZZ1494,Fruit Enhancer FRESH 10 L, WZZZ1494 
5WIN,5WZZZZZ1496,Fruit EXPRESS 10 L, WZZZ1496 
5WIN,5WZZZZZ1497,Barrel Extract 10 L, WZZZ1497 
5WIN,5WZZZZZ1498,Mocha Tannin 10 L, WZZZ1498 
5WIN,5WZZZZZ1499,Vanilla Tannin 10 L, WZZZ1499 
5WIN,5WZZZZZ1501,Bentonite Vitiben 22.7 kg sac, WZZZ1501 
5WIN,5WZZZZZ1502,Bentonite Vitiben 5 kg PAIL, WZZZ1502 
5WIN,5WZZZZZ1506,Citric Acid  5 kg  PAIL, WZZZ1506 
5WIN,5WZZZZZ1511,Ascorbic Acid- 1 kg JAR, WZZZ1511 
5WIN,5WZZZZZ1512,Ascorbic Acid 5 kg PAIL, WZZZ1512 
5WIN,5WZZZZZ1513,Ascorbic Acid 25 kg  BOX, WZZZ1513 
5WIN,5WZZZZZ1516,Potassium Bitartrate 5 kg PAIL, WZZZ1516 
5WIN,5WZZZZZ1517,Potassium Bitartrate 25kg sac, WZZZ1517 
5WIN,5WZZZZZ1521,Potassium Sorbate 1 kg JAR, WZZZ1521 
5WIN,5WZZZZZ1522,Potassium Sorbate 5 kg PAIL, WZZZ1522 
5WIN,5WZZZZZ1523,Potassium Sorbate 22.7 kg., WZZZ1523 
5WIN,5WZZZZZ1524,Potassium Sorbate 55 Lb, WZZZ1524 
5WIN,5WZZZZZ1531,Potassium Carbonate 5kg PAIL, WZZZ1531 
5WIN,5WZZZZZ1532,Potassium Carbonate 25kg sa, WZZZ1532 
5WIN,5WZZZZZ1534,FPS Enological Carbon -20 kg, WZZZ1534 
5WIN,5WZZZZZ1535,Potassium Metabisulfite(V)500g, WZZZ1535 
5WIN,5WZZZZZ1536,Potassium Metabisulfite 1kg ~D, WZZZ1536 
5WIN,5WZZZZZ1537,Potassium Metabisulfite 25kg, WZZZ1537 
5WIN,5WZZZZZ1538,Potassium Metabisulfite(V) 1kg, WZZZ1538 
5WIN,5WZZZZZ1539,Potassium MetabisulfiteSft25kg, WZZZ1539 
5WIN,5WZZZZZ1540,Tartaric Acid (liquid) 265 gal, WZZZ1540 
5WIN,5WZZZZZ1541,Tartaric Acid- 5kg PAIL, WZZZ1541 
5WIN,5WZZZZZ1542,Tartaric Acid 25kg sack, WZZZ1542 
5WIN,5WZZZZZ1543,Tartaric Acid (liquid) 55 gal, WZZZ1543 
5WIN,5WZZZZZ1544,TSP Chlorinated 22.7 kg sack, WZZZ1544 
5WIN,5WZZZZZ1546,TSP Non-Chlorinated 22.7 kg, WZZZ1546 
5WIN,5WZZZZZ1547,TSP Non-Chlorinated 22.7kg sac, WZZZ1547 
5WIN,5WZZZZZ1549,Tartaric Acid 1kg JAR, WZZZ1549 
5WIN,5WZZZZZ1551,Malic Acid Granular (50 Lb Bg), WZZZ1551 
5WIN,5WZZZZZ1552,Malic Acid Granular 5 kg PAIL, WZZZ1552 
5WIN,5WZZZZZ1601,Vintagezym P- 100g, WZZZ1601 
5WIN,5WZZZZZ1602,Vintagezym P- 200g, WZZZ1602 
5WIN,5WZZZZZ1606,Vintagezym S- 100g, WZZZ1606 
5WIN,5WZZZZZ1607,Vintagezym S- 200g, WZZZ1607 
5WIN,5WZZZZZ1611,Vintagezym R- 100g, WZZZ1611 
5WIN,5WZZZZZ1612,Vintagezym R- 200g, WZZZ1612 
5WIN,5WZZZZZ1616,Vintagezym V- 100g, WZZZ1616 
5WIN,5WZZZZZ1617,Vintagezym V- 200g, WZZZ1617 
5WIN,5WZZZZZ1621,Vintagezym F- 100g, WZZZ1621 
5WIN,5WZZZZZ1622,Vintagezym F- 200g, WZZZ1622 
5WIN,5WZZZZZ1624,Trenolin Bukett DF  0.1 kg, WZZZ1624 
5WIN,5WZZZZZ1625,Trenolin Color DF  0.1 kg, WZZZ1625 
5WIN,5WZZZZZ1626,Trenolin Mash DF  0.1 kg, WZZZ1626 
5WIN,5WZZZZZ1627,Trenolin Rouge DF  0.1 kg, WZZZ1627 
5WIN,5WZZZZZ1628,Trenolin Super DF 0.1 kg, WZZZ1628 
5WIN,5WZZZZZ1629,Trenolin Filtro DF 0.1 kg, WZZZ1629 
5WIN,5WZZZZZ1631,Vintagezym Aroma SD- 100g, WZZZ1631 
5WIN,5WZZZZZ1632,Vintagezym Aroma SD- 200g, WZZZ1632 
5WIN,5WZZZZZ1636,Vintagezym Aroma (Liquid) 250, WZZZ1636 
5WIN,5WZZZZZ1644,Decazym 25 kg, WZZZ1644 
5WIN,5WZZZZZ1645,Thermozima 25 kg, WZZZ1645 
5WIN,5WZZZZZ1646,Thermozima 1 L, WZZZ1646 
5WIN,5WZZZZZ1647,Bactozym 500g, WZZZ1647 
5WIN,5WZZZZZ1649,Bactozym 100g, WZZZ1649 
5WIN,5WZZZZZ1651,Zimaclar - 100 g, WZZZ1651 
5WIN,5WZZZZZ1652,Zimaclar - 500 g, WZZZ1652 
5WIN,5WZZZZZ1653,Zimaclar - 20 kg, WZZZ1653 
5WIN,5WZZZZZ1655,Zimaclar pH3 - 500 g, WZZZ1655 
5WIN,5WZZZZZ1657,Zimaclar Flot - 25 kg, WZZZ1657 
5WIN,5WZZZZZ1658,Zimaclar Flot - 1 Liter, WZZZ1658 
5WIN,5WZZZZZ1662,Zimarom 100gm, WZZZ1662 
5WIN,5WZZZZZ1663,V-CMC L 1 kg, WZZZ1663 
5WIN,5WZZZZZ1664,V-CMC L 10 kg, WZZZ1664 
5WIN,5WZZZZZ1665,Extrared L - 25 kg, WZZZ1665 
5WIN,5WZZZZZ1667,Flottoplus 1.0 10 kg, WZZZ1667 
5WIN,5WZZZZZ1668,Flottozima L 1 kg, WZZZ1668 
5WIN,5WZZZZZ1669,Flottozima L 25 kg, WZZZ1669 
5WIN,5WZZZZZ1671,Zimared PLUS - 100 g, WZZZ1671 
5WIN,5WZZZZZ1672,Zimared PLUS - 500 g, WZZZ1672 
5WIN,5WZZZZZ1673,Zimared PLUS - 20 kg, WZZZ1673 
5WIN,5WZZZZZ1674,Flavour Save DA 1 kg, WZZZ1674 
5WIN,5WZZZZZ1675,Extrared L - 1 L, WZZZ1675 
5WIN,5WZZZZZ1676,Bentonite PLUSGRAN GEL 25kg, WZZZ1676 
5WIN,5WZZZZZ1677,Araban Spray Dry 25 kg, WZZZ1677 
5WIN,5WZZZZZ1678,Araban Spray Dry 500 g, WZZZ1678 
5WIN,5WZZZZZ1679,Araban Super DA 25 kg (L), WZZZ1679 
5WIN,5WZZZZZ1680,V-CMC L 25 kg BOX, WZZZ1680 
5WIN,5WZZZZZ1682,V CMC P DA 5 kg, WZZZ1682 
5WIN,5WZZZZZ1683,Decagel 25 kg BOX, WZZZ1683 
5WIN,5WZZZZZ1684,V-CMC 25 kg BOX, WZZZ1684 
5WIN,5WZZZZZ1685,Mannozym 500 gram, WZZZ1685 
5WIN,5WZZZZZ1686,Fitoproteina P DA 15 kg, WZZZ1686 
5WIN,5WZZZZZ1687,Fitoproteina P DA 500 gram, WZZZ1687 
5WIN,5WZZZZZ1688,Tuttifruitti Gel DA 1 kg, WZZZ1688 
5WIN,5WZZZZZ1689,Tuttifruitti Gel DA 25 kg, WZZZ1689 
5WIN,5WZZZZZ1691,Zimaskin - 1 kg, WZZZ1691 
5WIN,5WZZZZZ1693,Flottoplus 2.0 DA 10 kg, WZZZ1693 
5WIN,5WZZZZZ1694,Flottozima L DA 1 kg, WZZZ1694 
5WIN,5WZZZZZ1695,Flottozima P  DA 20 kg, WZZZ1695 
5WIN,5WZZZZZ1696,Flottozima P DA 0.5 kg, WZZZ1696 
5WIN,5WZZZZZ1697,Flottogel DA 25 kg, WZZZ1697 
5WIN,5WZZZZZ1698,Flottobent DA 25 kg, WZZZ1698 
5WIN,5WZZZZZ1699,Flottocarb DA 17.5 kg, WZZZ1699 
5WIN,5WZZZZZ1709,Gelsol 1 L, WZZZ1709 
5WIN,5WZZZZZ1710,Gelsol 25kg, WZZZ1710 
5WIN,5WZZZZZ1715,Arabinol- 25 kg, WZZZ1715 
5WIN,5WZZZZZ1716,Spindasol W- 1 Liter, WZZZ1716 
5WIN,5WZZZZZ1717,Spindasol W- 25kg, WZZZ1717 
5WIN,5WZZZZZ1721,Ovegel (egg a Lbumin)- 500g, WZZZ1721 
5WIN,5WZZZZZ1725,Divergan F PVPP 3kg PAIL, WZZZ1725 
5WIN,5WZZZZZ1726,Catalasi (caseinate) 5kg, WZZZ1726 
5WIN,5WZZZZZ1727,Catalasi (caseinate) 20kg, WZZZ1727 
5WIN,5WZZZZZ1731,Batonnage Plus Elevage- 5kg, WZZZ1731 
5WIN,5WZZZZZ1741,Araban (Gum Arabic ) - 25 kg, WZZZ1741 
5WIN,5WZZZZZ1742,Araban (Gum Arabic ) - 1 L, WZZZ1742 
5WIN,5WZZZZZ1744,MPA - 500 gr, WZZZ1744 
5WIN,5WZZZZZ1745,MPL - 1 kg, WZZZ1745 
5WIN,5WZZZZZ1746,CMC-P - 500 gr, WZZZ1746 
5WIN,5WZZZZZ1747,Flottogel DA 5 kg, WZZZ1747 
5WIN,5WZZZZZ1749,Flottobent DA 5 kg, WZZZ1749 
5WIN,5WZZZZZ1751,Albucar (Albumin) - 500 g, WZZZ1751 
5WIN,5WZZZZZ1752,Albucar (Albumin) - 20 kg, WZZZ1752 
5WIN,5WZZZZZ1753,Fitoproteina XP 0.5 kg, WZZZ1753 
5WIN,5WZZZZZ1754,Fitoproteina XP 5 kg, WZZZ1754 
5WIN,5WZZZZZ1755,Clarito Bactoclean 0.5 kg, WZZZ1755 
5WIN,5WZZZZZ1761,Gelaxina Fluid(30%Gelatin)25kg, WZZZ1761 
5WIN,5WZZZZZ1762,Gelaxina Fluid(30%Gelatin) 1 L, WZZZ1762 
5WIN,5WZZZZZ1763,Mastervin Bio V Starter 500 gr, WZZZ1763 
5WIN,5WZZZZZ1764,Mastervin Bio Gel 500 gr, WZZZ1764 
5WIN,5WZZZZZ1765,Mastervin Bio Araban Spray500g, WZZZ1765 
5WIN,5WZZZZZ1766,Mastervin Compact 20 kg, WZZZ1766 
5WIN,5WZZZZZ1771,30 SIL(30%silca solution)-25kg, WZZZ1771 
5WIN,5WZZZZZ1772,30 SIL(30%silca solution)- 1 L, WZZZ1772 
5WIN,5WZZZZZ1773,Smartvin Carb 5 KG, WZZZ1773 
5WIN,5WZZZZZ1774,Smartvin Carb 15 KG, WZZZ1774 
5WIN,5WZZZZZ1775,Smartvin PVPP 20 KG, WZZZ1775 
5WIN,5WZZZZZ1776,Smartvin Activ 5 KG, WZZZ1776 
5WIN,5WZZZZZ1781,Premium Gel Grade 3 - 15 kg, WZZZ1781 
5WIN,5WZZZZZ1782,Premium Gel Grade 3 - 5 kg, WZZZ1782 
5WIN,5WZZZZZ1800,Sodium Percarb (Provox)- 25 kg, WZZZ1800 
5WIN,5WZZZZZ1801,Sodium Percarbonate- 25kg, WZZZ1801 
5WIN,5WZZZZZ1802,ZTEC WBO.65-30P7S, WZZZ1802 
5WIN,5WZZZZZ1803,Quarternary Ammonia- 55 gallon, WZZZ1803 
5WIN,5WZZZZZ1804,QCRO.85-30P7S, WZZZ1804 
5WIN,5WZZZZZ1805,AF-43, WZZZ1805 
5WIN,5WZZZZZ1806,Soda Ash- 22.7 kg, WZZZ1806 
5WIN,5WZZZZZ1807,QCR 0.5 -30P7S, WZZZ1807 
5WIN,5WZZZZZ1808,GFC 0.5 30 P7S, WZZZ1808 
5WIN,5WZZZZZ1809,"QXL 5-30P7S 30' Code 7, 5 Micr", WZZZ1809 
5WIN,5WZZZZZ1810,ZTEC WBO.45-30P7S, WZZZ1810 
5WIN,5WZZZZZ1811,Liquid Timsen (QUAT) 1 gallo, WZZZ1811 
5WIN,5WZZZZZ1812,ZTECWBO.45 30P8S, WZZZ1812 
5WIN,5WZZZZZ1813,ZTECWBO.65 30P8S~D, WZZZ1813 
5WIN,5WZZZZZ1814,QCRO.85 30P8S, WZZZ1814 
5WIN,5WZZZZZ1815,QCR 0.5 -30P8S, WZZZ1815 
5WIN,5WZZZZZ1816,Granular Timsen (QUAT) 150x3, WZZZ1816 
5WIN,5WZZZZZ1817,Cuno 30 in BevAssure 0.45 mc, WZZZ1817 
5WIN,5WZZZZZ1818,WaterTec 0.65-30P7S, WZZZ1818 
5WIN,5WZZZZZ1819,GFC 0.5 30 P8S, WZZZ1819 
5WIN,5WZZZZZ1820,Cotton 10 ' Filters 30 cnt, WZZZ1820 
5WIN,5WZZZZZ1821,WaterTec 0.65-30P8S, WZZZ1821 
5WIN,5WZZZZZ1822,QXL 5.0 30-P8S, WZZZ1822 
5WIN,5WZZZZZ1823,QXL 3.0 30-P7S, WZZZ1823 
5WIN,5WZZZZZ1831,Divergan F PVPP 1kg (Wine), WZZZ1831 
5WIN,5WZZZZZ1833,Divergan F PVPP 30 kg (Wine), WZZZ1833 
5WIN,5WZZZZZ1901,Solid Bung w/Tab for I.S. Larg, WZZZ1901 
5WIN,5WZZZZZ1902,Barrel Chain Insert, WZZZ1902 
5WIN,5WZZZZZ1911,F. Oak Stave VAN (10/bundle), WZZZ1911 
5WIN,5WZZZZZ1912,F.Oak Stave- FIRE (10/bundle), WZZZ1912 
5WIN,5WZZZZZ1913,F.Oak Stave BUTTER (10/bundle), WZZZ1913 
5WIN,5WZZZZZ1914,F.OakStave - CHOC (10/bundle), WZZZ1914 
5WIN,5WZZZZZ1923,"FrOakTkSticksButtescotch, 10kg", WZZZ1923 
5WIN,5WZZZZZ1931,F. Oak Stave VAN (20/bundle), WZZZ1931 
5WIN,5WZZZZZ1932,F.Oak Stave- FIRE (20/bundle), WZZZ1932 
5WIN,5WZZZZZ1933,F.Oak Stave BUTTER (20/bundle), WZZZ1933 
5WIN,5WZZZZZ1951,Easy Tab- Qty 40/pk, WZZZ1951 
5WIN,5WZZZZZ1952,Essodue Barrique 10gr (Qty 48), WZZZ1952 
5WIN,5WZZZZZ1953,Essodue Barrique 20gr (Qty 48), WZZZ1953 
5WIN,5WZZZZZ1991,Wine Catalog, WZZZ1991 
5WIN,5WZZZZZ1992,Nutrient Addition Chart, WZZZ1992 
5WIN,5WZZZZZ1993,Proteotest, WZZZ1993 
5WIN,5WZZZZZ2001,K-ACET Acetic ACS (manual), WZZZ2001 
5WIN,5WZZZZZ2002,K-ACETAF Acetic ACS (analyser), WZZZ2002 
5WIN,5WZZZZZ2003,K-ACETAK Acetic AK (analyser), WZZZ2003 
5WIN,5WZZZZZ2004,K-ACETGK Acetic (analyser), WZZZ2004 
5WIN,5WZZZZZ2005,K-ACETRM Acetic AK (manual), WZZZ2005 
5WIN,5WZZZZZ2010,K-ACHYD Acetaldehyde, WZZZ2010 
5WIN,5WZZZZZ2015,K-AMIAR Ammonia (manual), WZZZ2015 
5WIN,5WZZZZZ2016,K-URAMR Urea/Ammonia, WZZZ2016 
5WIN,5WZZZZZ2017,K-ASNAM Apar/Glut/Ammon, WZZZ2017 
5WIN,5WZZZZZ2020,K-ASCO Ascorbic Acid (color), WZZZ2020 
5WIN,5WZZZZZ2021,K-CITR Citric Acid, WZZZ2021 
5WIN,5WZZZZZ2022,K-TART Tartaric Acid (color), WZZZ2022 
5WIN,5WZZZZZ2023,K-ISOC D-Isocitric Assay, WZZZ2023 
5WIN,5WZZZZZ2024,K-DATE D-Lactic Rapic Assay, WZZZ2024 
5WIN,5WZZZZZ2025,K-DMAL D-Malic Acid, WZZZ2025 
5WIN,5WZZZZZ2026,K-LMAL-58A Malic (manual), WZZZ2026 
5WIN,5WZZZZZ2027,K-LMAL-116A Malic (manual), WZZZ2027 
5WIN,5WZZZZZ2028,K-LMALAF Malic (analyser), WZZZ2028 
5WIN,5WZZZZZ2029,K-LMALMQ Malic Acid (LR), WZZZ2029 
5WIN,5WZZZZZ2030,K-LMALQR Malic (LR), WZZZ2030 
5WIN,5WZZZZZ2032,K-ETOH Ethanol Assay, WZZZ2032 
5WIN,5WZZZZZ2035,K-FRGLQR Fruct/Gluc. (LR), WZZZ2035 
5WIN,5WZZZZZ2036,K-FRUGL Fructose/Glucose (RS), WZZZ2036 
5WIN,5WZZZZZ2037,K-SUFRG Sucrose, WZZZ2037 
5WIN,5WZZZZZ2040,K-GATE Gluconic Acid, WZZZ2040 
5WIN,5WZZZZZ2041,K-GCROL Glycerol, WZZZ2041 
5WIN,5WZZZZZ2042,K-GCROLGK Glyerol (ADP-GK), WZZZ2042 
5WIN,5WZZZZZ2045,K-LARGE Arginin Urea Ammon, WZZZ2045 
5WIN,5WZZZZZ2046,K-PANOPA Nitrogen NOPA, WZZZ2046 
5WIN,5WZZZZZ2050,K-TSULPH Total SO2 (color), WZZZ2050 
5WIN,5WZZZZZ2051,K-SULPH Free/total SO2, WZZZ2051 
5WIN,5WZZZZZ2052,K-ETSULPH Total SO2, WZZZ2052 
5WIN,5WZZZZZ2055,K-TSTA-100A Total Starch, WZZZ2055 
5WIN,5WZZZZZ2056,K-LATE L-Lactic Acid Assay, WZZZ2056 
5WIN,5WZZZZZ2057,K-DLATE D-/L-Lactic Acid Rapid, WZZZ2057 
5WIN,5WZZZZZ2058,E-PGIEC-10KU Phos Ism (E.Coli), WZZZ2058 
5WIN,5WZZZZZ2059,E-GOTEC Glutamate Oxal Trans, WZZZ2059 
5WIN,5WZZZZZ2060,E-LMDHEC L-Malate Deh (E.Coli), WZZZ2060 
5WIN,5WZZZZZ2100,D-MQWAVE Megaquant Spectophoto, WZZZ2100 
5WIN,5WZZZZZ2294,10KG Pinnacle Tropica, WZZZ2294 
5EQU,5XHBPRZ6250,PROMO: Zork Sample Pack, XPRZ6250 
5MIS,5XHBPRZ7011,PROMO: Craft Meister SampleBox, XPRZ7011 
5MIS,5XHBPRZ7016,PROMO: CraftMeist Keg/Carboy30, XPRZ7016 
5MIS,5XHBPRZ7017,PROMO: CraftMeist Keg/Carboy55, XPRZ7017 
5MIS,5XHBZ7597NC,Ultimate Almanac No Charge~D, XZ7597NC 
5MIS,5XHBZZ8399A,VinlandWineRack-12X10-120 Bt~D, XZZ8399A 
5MIS,5XHBZZ8399B,Vinland Wine Rack-12X4-48 Bt~D, XZZ8399B 
5MIS,5XHBZZ8609Z,Poly Bag 6x12in x 3 Mil -S, XZZ8609Z 
5MIS,5XHBZZ8610Z,Poly Bag 5x8 in x 3 Mil, XZZ8610Z 
5MIS,5XHBZZ8612Z,Poly Bag 7x9 in x 3 Mil, XZZ8612Z 
5MIS,5XHBZZ8613Z,Poly Bag 10x13 in x 3 Mil, XZZ8613Z 
5MIS,5XHBZZ8615Z,Poly Bag 10x14 in x 6 Mil, XZZ8615Z 
5MIS,5XHBZZ8616Z,Poly Bag 16x20 in x 6 Mil, XZZ8616Z 
5MIS,5XHBZZ8620Z,Plain White Labels 4x5 in, XZZ8620Z 
5MIS,5XHBZZ8626B,2 Fl Oz Natural HDPE Cylinder, XZZ8626B 
5MIS,5XHBZZ8627B,75cc Container, XZZ8627B 
5MIS,5XHBZZ8628A,75/120/200 Cc Heat seal Caps, XZZ8628A 
5MIS,5XHBZZ8628B,120cc Container, XZZ8628B 
5MIS,5XHBZZ8629A,24-410 White Pp Fine Rib Cap, XZZ8629A 
5MIS,5XHBZZ8629B,4 Oz Natural H/D Cylinder, XZZ8629B 
5MIS,5XHBZZ8629C,24-410 Heat Seal White Cap, XZZ8629C 
5MIS,5XHBZZ8630B,200cc Container, XZZ8630B 
5MIS,5XHBZZBHBRO,Brew House Brochure 20/pack, XZZBHBRO 
5MIS,5XHBZZP1001,BSG Ingredient Kit Box (Small), XZZP1001 
5MIS,5XHBZZP1011,HC Wine Equip Kit Box, XZZP1011 
5MIS,5XHBZZP1012,HC Beer Equip Kit Box (Small), XZZP1012 
5MIS,5XHBZZP1013,HC Beer Equip Kit Box (Large), XZZP1013 
5MIS,5XHBZZP1101,Instruction Sheet for F-10, XZZP1101 
5MIS,5XHBZZP1102,Instruction Sheet for F-12, XZZP1102 
5MIS,5XHBZZP1103,Instruction Sheet for F-14, XZZP1103 
5MIS,5XHBZZP1104,Instruction Sheet for F-15, XZZP1104 
5MIS,5XHBZZP1105,Instruction Sheet for F-22, XZZP1105 
5MIS,5XHBZZP1106,Instruction Sheet for F-23, XZZP1106 
5MIS,5XHBZZP1107,Instruction Sheet for F-24, XZZP1107 
5MIS,5XHBZZP1108,Instruction Sheet for F-26, XZZP1108 
5MIS,5XHBZZP1109,Instruction Sheet for F-28, XZZP1109 
5MIS,5XHBZZP1110,Instruction Sheet for F-29, XZZP1110 
5MIS,5XHBZZP1111,Instruction Sheet for F-30, XZZP1111 
5MIS,5XHBZZP1112,Instruction Sheet for F-34, XZZP1112 
5MIS,5XHBZZP1113,Instruction Sheet for F-56, XZZP1113 
5MIS,5XHBZZP1114,Instruction Sheet for F-57, XZZP1114 
5MIS,5XHBZZP1115,Instruction Sheet for F-35, XZZP1115 
5MIS,5XHBZZP1116,Instruction Sheet for F-36, XZZP1116 
5MIS,5XHBZZP1117,Instruction Sheet for F-37, XZZP1117 
5MIS,5XHBZZP1118,Instruction Sheet for F-38, XZZP1118 
5MIS,5XHBZZP1119,Instruction Sheet for F-39, XZZP1119 
5MIS,5XHBZZP1120,Instruction Sheet for F-40, XZZP1120 
5MIS,5XHBZZP1121,Instruction Sheet for F-41, XZZP1121 
5MIS,5XHBZZP1122,Instruction Sheet for F-42, XZZP1122 
5MIS,5XHBZZP1123,Instruction Sheet for F-43, XZZP1123 
5MIS,5XHBZZP1124,Instruction Sheet for F-54, XZZP1124 
5MIS,5XHBZZP1125,Instruction Sheet for F-58, XZZP1125 
5MIS,5XHBZZP1126,Instruction Sheet for F-59, XZZP1126 
5MIS,5XHBZZP1127,Instruction Sheet for F-60, XZZP1127 
5MIS,5XHBZZP1128,Instruction Sheet for F-61, XZZP1128 
5MIS,5XHBZZP1201,Instruction Sheet for K-10, XZZP1201 
5MIS,5XHBZZP1202,Instruction Sheet for K-12, XZZP1202 
5MIS,5XHBZZP1203,Instruction Sheet for K-14, XZZP1203 
5MIS,5XHBZZP1204,Instruction Sheet for K-15, XZZP1204 
5MIS,5XHBZZP1205,Instruction Sheet for K-16, XZZP1205 
5MIS,5XHBZZP1206,Instruction Sheet for K-18, XZZP1206 
5MIS,5XHBZZP1207,Instruction Sheet for K-20, XZZP1207 
5MIS,5XHBZZP1208,Instruction Sheet for K-22, XZZP1208 
5MIS,5XHBZZP1209,Instruction Sheet for K-23, XZZP1209 
5MIS,5XHBZZP1210,Instruction Sheet for K-24, XZZP1210 
5MIS,5XHBZZP1211,Instruction Sheet for K-26, XZZP1211 
5MIS,5XHBZZP1212,Instruction Sheet for K-28, XZZP1212 
5MIS,5XHBZZP1213,Instruction Sheet for K-29, XZZP1213 
5MIS,5XHBZZP1214,Instruction Sheet for K-30, XZZP1214 
5MIS,5XHBZZP1215,Instruction Sheet for K-32, XZZP1215 
5MIS,5XHBZZP1216,Instruction Sheet for K-34, XZZP1216 
5MIS,5XHBZZP1217,Instruction Sheet for K-50, XZZP1217 
5MIS,5XHBZZP1218,Instruction Sheet for K-52, XZZP1218 
5MIS,5XHBZZP1219,Instruction Sheet for K-54, XZZP1219 
5MIS,5XHBZZP1220,Instruction Sheet for K-56, XZZP1220 
5MIS,5XHBZZP1221,Instruction Sheet for K-58, XZZP1221 
5MIS,5XHBZZP1222,Content Label for K-10, XZZP1222 
5MIS,5XHBZZP1223,Content Label for K-12, XZZP1223 
5MIS,5XHBZZP1224,Content Label for K-14, XZZP1224 
5MIS,5XHBZZP1225,Content Label for K-15, XZZP1225 
5MIS,5XHBZZP1226,Content Label for K-16, XZZP1226 
5MIS,5XHBZZP1227,Content Label for K-18, XZZP1227 
5MIS,5XHBZZP1228,Content Label for K-20, XZZP1228 
5MIS,5XHBZZP1229,Content Label for K-22, XZZP1229 
5MIS,5XHBZZP1230,Content Label for K-23, XZZP1230 
5MIS,5XHBZZP1231,Content Label for K-24, XZZP1231 
5MIS,5XHBZZP1232,Content Label for K-26, XZZP1232 
5MIS,5XHBZZP1233,Content Label for K-28, XZZP1233 
5MIS,5XHBZZP1234,Content Label for K-29, XZZP1234 
5MIS,5XHBZZP1235,Content Label for K-30, XZZP1235 
5MIS,5XHBZZP1236,Content Label for K-32, XZZP1236 
5MIS,5XHBZZP1237,Content Label for K-34, XZZP1237 
5MIS,5XHBZZP1238,Content Label for K-50, XZZP1238 
5MIS,5XHBZZP1239,Content Label for K-52, XZZP1239 
5MIS,5XHBZZP1240,Content Label for K-54, XZZP1240 
5MIS,5XHBZZP1241,Content Label for K-56, XZZP1241 
5MIS,5XHBZZP1242,Content Label for K-58, XZZP1242 
5MIS,5XHBZZP1243,Name Label for K-10, XZZP1243 
5MIS,5XHBZZP1244,Name Label for K-12, XZZP1244 
5MIS,5XHBZZP1245,Name Label for K-14, XZZP1245 
5MIS,5XHBZZP1246,Name Label for K-15, XZZP1246 
5MIS,5XHBZZP1247,Name Label for K-16, XZZP1247 
5MIS,5XHBZZP1248,Name Label for K-18, XZZP1248 
5MIS,5XHBZZP1249,Name Label for K-20, XZZP1249 
5MIS,5XHBZZP1250,Name Label for K-22, XZZP1250 
5MIS,5XHBZZP1251,Name Label for K-23, XZZP1251 
5MIS,5XHBZZP1252,Name Label for K-24, XZZP1252 
5MIS,5XHBZZP1253,Name Label for K-26, XZZP1253 
5MIS,5XHBZZP1254,Name Label for K-28, XZZP1254 
5MIS,5XHBZZP1255,Name Label for K-29, XZZP1255 
5MIS,5XHBZZP1256,Name Label for K-30, XZZP1256 
5MIS,5XHBZZP1257,Name Label for K-32, XZZP1257 
5MIS,5XHBZZP1258,Name Label for K-34, XZZP1258 
5MIS,5XHBZZP1259,Name Label for K-50, XZZP1259 
5MIS,5XHBZZP1260,Name Label for K-52, XZZP1260 
5MIS,5XHBZZP1261,Name Label for K-54, XZZP1261 
5MIS,5XHBZZP1262,Name Label for K-56, XZZP1262 
5MIS,5XHBZZP1263,Name Label for K-58, XZZP1263 
5MIS,5XHBZZP1301,Name Label for F-10, XZZP1301 
5MIS,5XHBZZP1302,Name Label for F-12, XZZP1302 
5MIS,5XHBZZP1303,Name Label for F-14, XZZP1303 
5MIS,5XHBZZP1304,Name Label for F-15, XZZP1304 
5MIS,5XHBZZP1305,Name Label for F-22, XZZP1305 
5MIS,5XHBZZP1306,Name Label for F-23, XZZP1306 
5MIS,5XHBZZP1307,Name Label for F-24, XZZP1307 
5MIS,5XHBZZP1308,Name Label for F-26, XZZP1308 
5MIS,5XHBZZP1309,Name Label for F-28, XZZP1309 
5MIS,5XHBZZP1310,Name Label for F-29, XZZP1310 
5MIS,5XHBZZP1311,Name Label for F-30, XZZP1311 
5MIS,5XHBZZP1312,Name Label for F-34, XZZP1312 
5MIS,5XHBZZP1313,Name Label for F-56, XZZP1313 
5MIS,5XHBZZP1314,Name Label for F-57, XZZP1314 
5MIS,5XHBZZP1315,Name Label for F-35, XZZP1315 
5MIS,5XHBZZP1316,Name Label for F-36, XZZP1316 
5MIS,5XHBZZP1317,Name Label for F-37, XZZP1317 
5MIS,5XHBZZP1318,Name Label for F-38, XZZP1318 
5MIS,5XHBZZP1319,Name Label for F-39, XZZP1319 
5MIS,5XHBZZP1320,Name Label for F-40, XZZP1320 
5MIS,5XHBZZP1321,Name Label for F-41, XZZP1321 
5MIS,5XHBZZP1322,Name Label for F-42, XZZP1322 
5MIS,5XHBZZP1323,Name Label for F-43, XZZP1323 
5MIS,5XHBZZP1324,Name Label for F-54, XZZP1324 
5MIS,5XHBZZP1325,Name Label for F-58, XZZP1325 
5MIS,5XHBZZP1326,Name Label for F-59, XZZP1326 
5MIS,5XHBZZP1327,Name Label for F-60, XZZP1327 
5MIS,5XHBZZP1328,Name Label for F-61, XZZP1328 
5MIS,5XHBZZP1501,Content Label for F-10, XZZP1501 
5MIS,5XHBZZP1502,Content Label for F-12, XZZP1502 
5MIS,5XHBZZP1503,Content Label for F-14, XZZP1503 
5MIS,5XHBZZP1504,Content Label for F-15, XZZP1504 
5MIS,5XHBZZP1505,Content Label for F-22, XZZP1505 
5MIS,5XHBZZP1506,Content Label for F-23, XZZP1506 
5MIS,5XHBZZP1507,Content Label for F-24, XZZP1507 
5MIS,5XHBZZP1508,Content Label for F-26, XZZP1508 
5MIS,5XHBZZP1509,Content Label for F-28, XZZP1509 
5MIS,5XHBZZP1510,Content Label for F-29, XZZP1510 
5MIS,5XHBZZP1511,Content Label for F-30, XZZP1511 
5MIS,5XHBZZP1512,Content Label for F-34, XZZP1512 
5MIS,5XHBZZP1513,Content Label for F-56, XZZP1513 
5MIS,5XHBZZP1514,Content Label for F-57, XZZP1514 
5MIS,5XHBZZP1515,Content Label for F-35, XZZP1515 
5MIS,5XHBZZP1516,Content Label for F-36, XZZP1516 
5MIS,5XHBZZP1517,Content Label for F-37, XZZP1517 
5MIS,5XHBZZP1518,Content Label for F-38, XZZP1518 
5MIS,5XHBZZP1519,Content Label for F-39, XZZP1519 
5MIS,5XHBZZP1520,Content Label for F-40, XZZP1520 
5MIS,5XHBZZP1521,Content Label for F-41, XZZP1521 
5MIS,5XHBZZP1522,Content Label for F-42, XZZP1522 
5MIS,5XHBZZP1523,Content Label for F-43, XZZP1523 
5MIS,5XHBZZP1524,Content Label for F-54, XZZP1524 
5MIS,5XHBZZP1525,Content Label for F-58, XZZP1525 
5MIS,5XHBZZP1526,Content Label for F-59, XZZP1526 
5MIS,5XHBZZP1527,Content Label for F-60, XZZP1527 
5MIS,5XHBZZP1528,Content Label for F-61, XZZP1528 
5MIS,5XHBZZP1699,Blank Circle 2 Inch White, XZZP1699 
5MIS,5XHBZZP1700,Blank Circle 3 inch White, XZZP1700 
5MIS,5XHBZZP1701,Content Label for K-2 Equip, XZZP1701 
5MIS,5XHBZZP1702,Content Label for K-2PET Equip, XZZP1702 
5MIS,5XHBZZP1703,Content Label for K-3 Equip, XZZP1703 
5MIS,5XHBZZP1704,Content Label for K-5 Equip, XZZP1704 
5MIS,5XHBZZP1705,Content Label for K-5PET Equip, XZZP1705 
5MIS,5XHBZZP1706,Content Label for K-6  Equip, XZZP1706 
5MIS,5XHBZZP1707,Content Label for K-6PET Equip, XZZP1707 
5MIS,5XHBZZP1708,Content Label for K-7 Equip, XZZP1708 
5MIS,5XHBZZP1709,Content Label for K-7PET Equip, XZZP1709 
5MIS,5XHBZZP1710,Content Label for K-8 Equip, XZZP1710 
5MIS,5XHBZZP1711,Content Label for K-8PET Equip, XZZP1711 
5MIS,5XHBZZP1712,Barcode Label for K-2, XZZP1712 
5MIS,5XHBZZP1713,Barcode Label for K-2PET, XZZP1713 
5MIS,5XHBZZP1714,Barcode Label for K-5, XZZP1714 
5MIS,5XHBZZP1715,Barcode Label for K-5PET, XZZP1715 
5MIS,5XHBZZP1716,Barcode Label for K-6, XZZP1716 
5MIS,5XHBZZP1717,Barcode Label for K-6PET, XZZP1717 
5MIS,5XHBZZP1718,Barcode Label for K-7, XZZP1718 
5MIS,5XHBZZP1719,Barcode Label for K-7PET, XZZP1719 
5MIS,5XHBZZP1720,Barcode Label for K-8, XZZP1720 
5MIS,5XHBZZP1721,Barcode Label for K-8PET, XZZP1721 
5MIS,5XHBZZP1722,Starter Equip Kit Front Label, XZZP1722 
5MIS,5XHBZZP1723,Deluxe Equip Kit Front Label, XZZP1723 
5MIS,5XHBZZP1724,DeluxePET Equip Kit FrontLabel, XZZP1724 
5MIS,5XHBZZZ7500,HandCraft Brewing Guide, XZZZ7500 
5MIS,5XHBZZZ7710,HandCraft Winemaking Guide, XZZZ7710 
5MIS,5XHBZZZ7900,Lallemand Brewing Yeast Poster, XZZZ7900 
5MIS,5XHBZZZ7901,Lalvin Wine Yeast Poster, XZZZ7901 
5MIS,5XHBZZZ7950,TB/Fine Wine Brochure per each, XZZZ7950 
5MIS,5XHBZZZ7955,Craft Meister Product Guide, XZZZ7955 
5MIS,5XHBZZZ7969,2017 RQ Program Brochure, XZZZ7969 
5MIS,5XHBZZZ7970,RQ 2015 Promotional Poster~L, XZZZ7970 
5MIS,5XHBZZZ7971,RJS WorldsBestVineyards Poster, XZZZ7971 
5MIS,5XHBZZZ7982,RJS Product Catalog-PK of 20, XZZZ7982 
5MIS,5XHBZZZ7998,BSG Hops Selection Poster, XZZZ7998 
5MIS,5XHBZZZ8000,Birch Beer Extract 2 fl oz, XZZZ8000 
5MIS,5XHBZZZ8002,Cherry Soda Extract 2 fl oz~D, XZZZ8002 
5MIS,5XHBZZZ8004,Cola Extract 2 fl oz, XZZZ8004 
5MIS,5XHBZZZ8006,Cream Soda Extract 2 fl oz, XZZZ8006 
5MIS,5XHBZZZ8008,Ginger Soda Extract 2 fl oz, XZZZ8008 
5MIS,5XHBZZZ8012,Orange Soda Extract 2 fl oz, XZZZ8012 
5MIS,5XHBZZZ8014,Raspberry Soda Extract 2floz~D, XZZZ8014 
5MIS,5XHBZZZ8016,Root Beer Extract 2 fl oz, XZZZ8016 
5MIS,5XHBZZZ8018,Sarsaparilla Extract 2 fl oz, XZZZ8018 
5MIS,5XHBZZZ8600,Ziplock Bag 3x4 in (BG=100), XZZZ8600 
5MIS,5XHBZZZ8630,Twistem Bag Ties - 2000 count, XZZZ8630 
5MIS,5XHBZZZ8634,Plain White Maestro Equip Box, XZZZ8634 
5MIS,5XHBZZZ8635,Plain Brown Small Equip Box, XZZZ8635 
5MIS,5XHBZZZ8637,Plain Brown Gold Equip Box, XZZZ8637 
5MIS,5XHBZZZ8639,"16X12""X8"" Brown Box""", XZZZ8639 
5MIS,5XHBZZZ8640,"16X12""X12"" Brown Box""", XZZZ8640 
5MIS,5XHBZZZ8641,"16X13""X13"" Brown Box""", XZZZ8641 
5MIS,5XHBZZZ9400,"Root Beer, Quart", XZZZ9400 
5MIS,5XHBZZZ9401,Birch Beer Quart, XZZZ9401 
5MIS,5XHBZZZ9402,"Sarsaparilla, Quart", XZZZ9402 
5MIS,5XHBZZZ9403,Cream Soda Quart, XZZZ9403 
5MIS,5XHBZZZP100,4.5 X 4.5 X .003 Gold Foil Bag, XZZZP100 
5MIS,5XHBZZZP101,Gold Foil Bag 6 X 9 X .003, XZZZP101 
5MIS,5XHBZZZP102,Gold Foil Bag 8 X 9 X .003, XZZZP102 
5MIS,5XHBZZZP103,10 X 18 Silver Metalized Poly, XZZZP103 
5MIS,5XHBZZZP104,Bag Film Hop Pellets 1 oz, XZZZP104 
5MIS,5XHBZZZP105,4x2x8 Bag Film Hop Pellets 8oz, XZZZP105 
5MIS,5XHBZZZP107,"9.5WEB15""OD3""CoreClearFilm""", XZZZP107 
5MIS,5XHBZZZP114,BSG Ingredient Kit Box (Large), XZZZP114 
5MIS,5XHBZZZP115,Inner Equipment Kit Box, XZZZP115 
5MIS,5XHBZZZP116,TB Ingredient Kit Box (Small), XZZZP116 
5MIS,5XHBZZZP117,TB Ingredient Kit Box (Large), XZZZP117 
5MIS,5XHBZZZP118,Acid Test Kit Box Only, XZZZP118 
5MIS,5XHBZZZP121,9 Cube Box, XZZZP121 
5MIS,5XHBZZZP123,BSG HC Thermal Label 2x1 in, XZZZP123 
5MIS,5XHBZZZP124,BSG HC Thermal Label 3x2in UW4, XZZZP124 
5MIS,5XHBZZZP125,BSG HC Thermal Label 2x3in UW2, XZZZP125 
5MIS,5XHBZZZP126,BSG HC Thermal Label 4x5 in, XZZZP126 
5MIS,5XHBZZZP129,Clear Thermal Label 1.6x5.8 in, XZZZP129 
5MIS,5XHBZZZP131,2 x 1 1/8 in Clear Oval Labels, XZZZP131 
5MIS,5XHBZZZP132,"6 X 2"" BSG Blue Label""", XZZZP132 
5MIS,5XHBZZZP133,"2.25 x 4"" BSG Blue Label""", XZZZP133 
5MIS,5XHBZZZP138,Acid Test Kit Labels Only, XZZZP138 
5MIS,5XHBZZZP140,4 X 2 X 12 Poly Bags, XZZZP140 
5MIS,5XHBZZZP141,4 X 2 X 8 Poly Bags, XZZZP141 
5MIS,5XHBZZZP142,6 X 3 X 15 Poly Bags, XZZZP142 
5MIS,5XHBZZZP143,9x14x.25 SuperTuffAutobagClear, XZZZP143 
5MIS,5XHBZZZP144,8 X 4 X 18 Poly Bags, XZZZP144 
5MIS,5XHBZZZP145,"7x8 5/8""+2""OBG Stand Up Pouch""", XZZZP145 
5MIS,5XHBZZZP147,8x10x0.25 Standard Autobag, XZZZP147 
5MIS,5XHBZZZP148,6x10x0.25 Super Tuff Autobag, XZZZP148 
5MIS,5XHBZZZP149,6x7x0.25 Super Tuff Autobag, XZZZP149 
5MIS,5XHBZZZP150,10.5x15x0.25 SuperTuff Autobag, XZZZP150 
5MIS,5XHBZZZP151,7x7x0.25 Standard Autobag, XZZZP151 
5MIS,5XHBZZZP152,10x13x0.25 Standard Autobag, XZZZP152 
5MIS,5XHBZZZP153,6x9 Light Duty Clear Autobag, XZZZP153 
5MIS,5XHBZZZP166,Divider For American Wheat Kit, XZZZP166 
5MIS,5XHBZZZP172,Wine Equipment Kit Instruction, XZZZP172 
5MIS,5XHBZZZP176,Beer Equipment Kit Instruction, XZZZP176 
5MIS,5XHBZZZP178,Acid Test Kit Instructions, XZZZP178 
5MIS,5XHBZZZP181,1/2 OzLDPE BostonRd 15-415 Nat, XZZZP181 
5MIS,5XHBZZZP182,15mm LPDE Cont Drop Tip Nat, XZZZP182 
5MIS,5XHBZZZP183,15mm P/P Dropper Tip Cap White, XZZZP183 
5MIS,5XHBZZZP191,4 x 2 Label, XZZZP191 
5MIS,5XHBZZZP192,3.5 x 5 Label, XZZZP192 
5MIS,5XHBZZZP193,8.5 x 5.5 Label, XZZZP193 
5MIS,5XHBZZZP194,4 X 3.3 Label, XZZZP194 
5MIS,5XHBZZZP198,Wrappers For Bags, XZZZP198 
5MIS,5XHBZZZP200,Coarse Fabric - 42in Wide/Yard, XZZZP200 
5MIS,5XHBZZZP201,Fine Fabric 47 Wide per Yd, XZZZP201 
5MIS,5XHBZZZP202,Bias Binding 1 1/2x142Yd/Roll, XZZZP202 
5MIS,5XHBZZZP205,Elastic 1/4 144 Yd / Roll, XZZZP205 
5MIS,5XHBZZZP206,8 Oz. B-Brite Cleaner Base, XZZZP206 
5MIS,5XHBZZZP207,White Lid F/ 8 0Z B-Brite Base, XZZZP207 
5MIS,5XHBZZZP210,5 X 28in X .004 Mil Polybag, XZZZP210 
5MIS,5XHBZZZP213,Header / Siphon Set Up Deluxe, XZZZP213 
5MIS,5XHBZZZP216,11 Tamper Proof Ties, XZZZP216 
5MIS,5XHBZZZP217,Header F/TB Fast Flow Filler, XZZZP217 
5MIS,5XHBZZZP218,6 X 28in X .004 Mil Poly Bag, XZZZP218 
5MIS,5XHBZZZP221,Dividers For Box F/500Ml Btl, XZZZP221 
5MIS,5XHBZZZP223,Dividers For Box 1 Liter Btl, XZZZP223 
5MIS,5XHBZZZP224,New Box For 500Ml Flip Top Btl, XZZZP224 
5MIS,5XHBZZZP225,1 Gallon Round Jar 100Mm, XZZZP225 
5MIS,5XHBZZZP226,100Mm White Screw/Cap F/P225, XZZZP226 
5MIS,5XHBZZZP227,Square Jug 1 Gallon, XZZZP227 
5MIS,5XHBZZZP228,White Cap F/P227 38Mm, XZZZP228 
5MIS,5XHBZZZP229,Wide Mouth Jar 10 oz, XZZZP229 
5MIS,5XHBZZZP230,8 X 10 X .006 Mil Polybag, XZZZP230 
5MIS,5XHBZZZP232,10 X 12 X .006 Mil Polybag, XZZZP232 
5MIS,5XHBZZZP233,14 X 20 X .04 Mil Poly bag, XZZZP233 
5MIS,5XHBZZZP234,36 Oz White Gusseted Bag, XZZZP234 
5MIS,5XHBZZZP235,16 Oz White Gusseted Bag, XZZZP235 
5MIS,5XHBZZZP236,32 oz White Gusseted Bag, XZZZP236 
5MIS,5XHBZZZP237,80 Oz Black Gusseted Bag, XZZZP237 
5MIS,5XHBZZZP238,12 X 20 X .006 Polybag, XZZZP238 
5MIS,5XHBZZZP239,11.5x21 GussetBag f/Crisp10lb, XZZZP239 
5MIS,5XHBZZZP240,11.5x21 GussetBag f/Weyer 10lb, XZZZP240 
5MIS,5XHBZZZP241,11.5x21 GussetBag f/Rahr 10lb, XZZZP241 
5MIS,5XHBZZZP242,7x8.5 ZipPouchBag f/Crisp 1 lb, XZZZP242 
5MIS,5XHBZZZP243,7x8.5 ZipPouchBag f/Weyer 1 lb, XZZZP243 
5MIS,5XHBZZZP244,7x8.5 ZipPouchBag f/Rahr 1 lb, XZZZP244 
5MIS,5XHBZZZP245,7x8.5 ZipPouchBag f/Simp 1lb, XZZZP245 
5MIS,5XHBZZZP246,8 Oz White Gusseted Bag, XZZZP246 
5MIS,5XHBZZZP247,7x8.5 ZipPouchBag f/BSG 1lb, XZZZP247 
5MIS,5XHBZZZP249,12 Oz Clear Front Gusseted Bag, XZZZP249 
5MIS,5XHBZZZP261,White Jug 32 oz (1 L), XZZZP261 
5MIS,5XHBZZZP263,White Jug 1 gal UN 38-400, XZZZP263 
5MIS,5XHBZZZP264,Cap f/1G White Jug UN 38-400, XZZZP264 
5MIS,5XHBZZZP265,Blue Jug 5 gal, XZZZP265 
5MIS,5XHBZZZP266,Cap for 5 gal Jug, XZZZP266 
5MIS,5XHBZZZP267,16 Oz F-Style Jug, XZZZP267 
5MIS,5XHBZZZP268,Ind Seal Cap for 16/32 oz Jug, XZZZP268 
5MIS,5XHBZZZP269,3.5 gal Non-UN Poly Pail White, XZZZP269 
5MIS,5XHBZZZP270,05 gal Non-UN Poly Cover White, XZZZP270 
5MIS,5XHBZZZP271,2 Oz Cylinder Bottle, XZZZP271 
5MIS,5XHBZZZP274,225cc Pharma Bottle, XZZZP274 
5MIS,5XHBZZZP275,Cap for 225cc Pharma Bottle, XZZZP275 
5MIS,5XHBZZZP276,64 Oz ClearPET SquarePinchGrip, XZZZP276 
5MIS,5XHBZZZP277,110mm Black Lid Only f/P276, XZZZP277 
5MIS,5XHBZZZP278,BSG 4x2 Label Rect w/Rnd Corn, XZZZP278 
5MIS,5XHBZZZP279,BSG 4x3 Label Rect w/Rnd Corn, XZZZP279 
5MIS,5XHBZZZP280,BSG 4x5 Label Rect w/Rnd Corn, XZZZP280 
5MIS,5XHBZZZP282,BSG 4x6 Label Rect w/Rnd Corn, XZZZP282 
5MIS,5XHBZZZP283,Wide Mouth Jar -  Gal, XZZZP283 
5MIS,5XHBZZZP284,Lid for Wide Mouth Jar -  Gal, XZZZP284 
5MIS,5XHBZZZP285,Wide Mouth Jar -  4 Oz Clear, XZZZP285 
5MIS,5XHBZZZP286,Lid for Wide Mouth Jar -  4 Oz, XZZZP286 
5MIS,5XHBZZZP300,TB Ingredient Kit Box - NWP, XZZZP300 
5MIS,5XHBZZZP301,Large Beer Equip Box - NWP, XZZZP301 
5MIS,5XHBZZZP302,Large Wine Equip Box -NWP, XZZZP302 
5MIS,5XHBZZZP303,Small Beer Equip Box -NWP, XZZZP303 
5MIS,5XHBZZZS100,Shipping Tubes 2 X 24 in, XZZZS100 
5MIS,5XHBZZZS102,Do Not Break Load Rolls/500', XZZZS102 
5MIS,5XHBZZZS104,Orm-D Labels Roll/500, XZZZS104 
5MIS,5XHBZZZS108,Blade Dispenser 100, XZZZS108 
5MIS,5XHBZZZS109,Retractable Knife, XZZZS109 
5MIS,5XHBZZZS110,Hand Held Tape Gun 2, XZZZS110 
5MIS,5XHBZZZS111,12 X 12 1/2 X 7 Box, XZZZS111 
5MIS,5XHBZZZS112,16 X 12 X 10 Box, XZZZS112 
5MIS,5XHBZZZS113,29 X 8 3/4 X 7 Box, XZZZS113 
5MIS,5XHBZZZS115,18 X 39in Malt Inserts, XZZZS115 
5MIS,5XHBZZZS118,15-3/8 X 14-1/4 X 12-5/8 Box, XZZZS118 
5MIS,5XHBZZZS122,13 X 12.5 X 50 Box, XZZZS122 
5MIS,5XHBZZZS123,Blue Snap Seal Tube 2 X 18in, XZZZS123 
5MIS,5XHBZZZS124,25 X 13.5 X 14.5 Box, XZZZS124 
5MIS,5XHBZZZS125,20 X 20 X 45 in H Box, XZZZS125 
5MIS,5XHBZZZS126,Shipping Tubes 30, XZZZS126 
5MIS,5XHBZZZS127,2 X 20in Kraft Snap Seal Tubes, XZZZS127 
5MIS,5XHBZZZS133,Glass Label Only, XZZZS133 
5MIS,5XHBZZZS135,Fragile Labels Only, XZZZS135 
5MIS,5XHBZZZS150,Corrosive Labels, XZZZS150 
5MIS,5XHBZZZS152,2 Plastic Tape / 110 Yd /Roll, XZZZS152 
5MIS,5XHBZZZS154,Bag Sealing Tape  540'/Roll, XZZZS154 
5MIS,5XHBZZZS160,Corrugated Wrap 250'/Roll, XZZZS160 
5MIS,5XHBZZZS161,1ft x 125ft Sticky Bubble Wrap, XZZZS161 
5MIS,5XHBZZZS162,3/16 X 500ft x 12in BubbleWrap, XZZZS162 
5MIS,5XHBZZZS163,Loose Foam Fill 14 Cu. Ft., XZZZS163 
5MIS,5XHBZZZS166,32X19X8 in H Box for fl cork, XZZZS166 
5MIS,5XHBZZZS167,"Newsprint, 36 X 9in Dia. Roll", XZZZS167 
5MIS,5XHBZZZS168,8 X 1815ft 3000 Film F/Pactiv, XZZZS168 
5MIS,5XHBZZZS190,16 Ply Cotton Twine F/Nylon Bg, XZZZS190 
5MIS,5XHBZZZS191,Jute Twine 10 Lb Roll./ 530 Ft, XZZZS191 
5MIS,5XHBZZZS196,Rubber Bands Box Of 1800, XZZZS196 
5MIS,5XHBZZZS209,Stretch Wrap 18 X 1500 / 90 Ga, XZZZS209 
5MIS,5XHBZZZS210,Green Wax Sweep Compound 44 Gl, XZZZS210 
5MIS,5XWZZZZ2000,Blending Wine Box, XZZZ2000 
5MIS,5XZZZZZ0101,Rahr Malt Paper Bag  17x6x37,XZZZ0101
5MIS,5XZZZZZ0102,Rahr Malt Poly Bag  17x6x37, XZZZ0102 
5MIS,5XZZZZZ0103,Simpsons Poly Bag 17x6x37, XZZZ0103 
5MIS,5XZZZZZ0104,1000 Lb Tote Bag 39x45x42, XZZZ0104 
5MIS,5XZZZZZ0105,2500 Lb Tote Bag 39x37x64, XZZZ0105 
5MIS,5XZZZZZ0107,Rahr Malt Poly Bag  15x6x34, XZZZ0107 
5MIS,5XZZZZZ0108,Rahr Malt Poly Bag  15x6x38.5, XZZZ0108 
5MIS,5XZZZZZ0109,Rahr Malt Poly Bag  15x6x41.5, XZZZ0109 
5MIS,5XZZZZZ0110,Blank Malt Poly Bag  15x6x38.5, XZZZ0110 
5MIS,5XZZZZZ0113,Rahr Malt Poly Bag  17x6x38.5, XZZZ0113 
5MIS,5XZZZZZ0115,Rahr Malt Poly Bag  13x4x32, XZZZ0115 
5MIS,5XZZZZZ0116,Blank Malt Poly Bag 17x6x36.5, XZZZ0116 
5MIS,5XZZZZZ0117,Blank Malt Poly Bag 17x6x38.5, XZZZ0117 
5MIS,5XZZZZZ0118,BOPP Rahr Poly Bag 17x6x38.5, XZZZ0118 
5MIS,5XZZZZZ0119,2500# Blank Wht TteBg 39x37x64, XZZZ0119 
5MIS,5XZZZZZ0120,Tote Bag 35x35X60, XZZZ0120 
5MIS,5XZZZZZ0121,Weyermann Big Tote Bag, XZZZ0121 
5MIS,5XZZZZZ0206,FlavorActiV Beginner Kit, XZZZ0206 
5MIS,5XZZZZZ0207,FlavorActiV Enthusiast Kit, XZZZ0207 
5MIS,5XZZZZZ0208,FlavorActiV Professional Kit, XZZZ0208 
5MIS,5XZZZZZ0210,55Gl Chemical Resistant Spigot, XZZZ0210 
5MIS,5XZZZZZ0312,Custom Sample, XZZZ0312 
,5EHBZZZ9001,Grainfather Conical Fermenter Pressure Transfer,EZZZ9001
,5EHBZZZ9006,Grainfather Connect Control Box – US/CAD (120V),EZZZ9006
,5EHBZZZ9007,Grainfather Connect,EZZZ9007
,5EHBZZZ9009,Whirlpool and Aeration Brewing Paddle,EZZZ9009
,5EHBZZZ9011,Grainfather Conical Fermenter Cooling Pump Kit,EZZZ9011
,5EHBZZZ9019,Grainfather Sparge Water Heater,EZZZ9019
,5EHBZZZ9025,Grainfather Wortometer,EZZZ9025
,5EHBZZZ9027,Stainless Steel Paddle,EZZZ9027
,5EHBZZZ9032,Grainfather Graincoat,EZZZ9032
,5EHBZZZ9033,Hop Spider,EZZZ9033
,5EHBZZZ9034,Alembic  Copper Condenser,EZZZ9034
,5EHBZZZ9035,Copper Dome Top,EZZZ9035
,5EHBZZZ9041,Grainfather Storage Bag,EZZZ9041
,5EHBZZZ9042,Conical Fermenter Temperature Controller,EZZZ9042
,5EHBZZZ9043,Grainfather Conical Fermenter PRO Edition,EZZZ9043